9123239	FM-84	http://www.songkick.com/artists/9123239-fm84?utm_source=56832&utm_medium=partner	FM-84	Other	Other	https://s1.ticketm.net/dam/c/060/c5c08e7a-9912-456c-a060-2758be94e060_105881_TABLET_LANDSCAPE_16_9.jpg
5485523	Charly Bliss	http://www.songkick.com/artists/5485523-charly-bliss?utm_source=56832&utm_medium=partner	Charly Bliss	Rock	Alternative Rock	https://s1.ticketm.net/dam/a/768/7f339618-49bd-416b-9b6d-87646d2e5768_17991_TABLET_LANDSCAPE_16_9.jpg
8632999	Mungion	http://www.songkick.com/artists/8632999-mungion?utm_source=56832&utm_medium=partner	Mungion	Rock	Progressive Rock	https://s1.ticketm.net/dam/c/fbc/b293c0ad-c904-4215-bc59-8d7f2414dfbc_106141_TABLET_LANDSCAPE_16_9.jpg
8583899	JR JR	http://www.songkick.com/artists/8583899-jr-jr?utm_source=56832&utm_medium=partner	Hank Williams, Jr.	Country	Country	https://s1.ticketm.net/dam/a/eb1/7e961215-cd7f-459e-8df8-45291c35deb1_82291_TABLET_LANDSCAPE_16_9.jpg
6308029	Negative Gemini	http://www.songkick.com/artists/6308029-negative-gemini?utm_source=56832&utm_medium=partner	Negative Gemini	Dance/Electronic	Dance/Electronic	https://s1.ticketm.net/dam/c/df8/81eadad8-4449-412e-a2b1-3d8bbb78edf8_106181_TABLET_LANDSCAPE_16_9.jpg
3836701	Tv Girl	http://www.songkick.com/artists/3836701-tv-girl?utm_source=56832&utm_medium=partner	TV Girl	Undefined	Undefined	https://s1.ticketm.net/dam/c/ab4/6367448e-7474-4650-bd2d-02a8f7166ab4_106161_TABLET_LANDSCAPE_16_9.jpg
9050724	Devil Master	http://www.songkick.com/artists/9050724-devil-master?utm_source=56832&utm_medium=partner	Devil Master	Metal	Death Metal/Black Metal	https://s1.ticketm.net/dam/c/e7c/86478562-7218-4e8f-b9d4-8080fe168e7c_105581_TABLET_LANDSCAPE_16_9.jpg
8384073	Wiegedood	http://www.songkick.com/artists/8384073-wiegedood?utm_source=56832&utm_medium=partner	Wiegedood	Metal	Metal	https://s1.ticketm.net/dam/c/e7c/86478562-7218-4e8f-b9d4-8080fe168e7c_105581_TABLET_LANDSCAPE_16_9.jpg
3002626	Martyrdöd	http://www.songkick.com/artists/3002626-martyrdod?utm_source=56832&utm_medium=partner	Martyrdod	Rock	Pop	https://s1.ticketm.net/dam/c/fbc/b293c0ad-c904-4215-bc59-8d7f2414dfbc_106141_TABLET_LANDSCAPE_16_9.jpg
3964006	Soft Kill	http://www.songkick.com/artists/3964006-soft-kill?utm_source=56832&utm_medium=partner	Soft Kill	Alternative	Indie Pop	https://s1.ticketm.net/dam/a/689/f78cd50a-ee0b-4b71-8954-aaaf892da689_472401_TABLET_LANDSCAPE_16_9.jpg
527207	Skeletonwitch	http://www.songkick.com/artists/527207-skeletonwitch?utm_source=56832&utm_medium=partner	Skeletonwitch	Metal	Heavy Metal	https://s1.ticketm.net/dam/c/e7c/86478562-7218-4e8f-b9d4-8080fe168e7c_105581_TABLET_LANDSCAPE_16_9.jpg
8587254	Vesperteen	http://www.songkick.com/artists/8587254-vesperteen?utm_source=56832&utm_medium=partner	Vesperteen	Pop	Indie Pop	https://s1.ticketm.net/dam/a/22e/ddc97127-6287-47f7-9858-1ba0e359a22e_598631_TABLET_LANDSCAPE_16_9.jpg
7799754	Great Good Fine Ok	http://www.songkick.com/artists/7799754-great-good-fine-ok?utm_source=56832&utm_medium=partner	Great Good Fine Ok	Rock	Pop	https://s1.ticketm.net/dam/a/374/dcf2d4bc-f4ac-4d5b-bb18-9227750ca374_1004541_TABLET_LANDSCAPE_16_9.jpg
1699110	DOOMSQUAD	http://www.songkick.com/artists/1699110-doomsquad?utm_source=56832&utm_medium=partner	Doomsquad	Dance/Electronic	Club Dance	https://s1.ticketm.net/dam/c/df8/81eadad8-4449-412e-a2b1-3d8bbb78edf8_106181_TABLET_LANDSCAPE_16_9.jpg
144148	Operators	http://www.songkick.com/artists/144148-operators?utm_source=56832&utm_medium=partner	Operators	Rock	Alternative Rock	https://s1.ticketm.net/dam/a/5c4/0dc4663c-e237-4b84-a66d-e397279d25c4_269111_TABLET_LANDSCAPE_16_9.jpg
239431	Mudhoney	http://www.songkick.com/artists/239431-mudhoney?utm_source=56832&utm_medium=partner	Mudhoney	Rock	Alternative Rock	https://s1.ticketm.net/dam/c/fbc/b293c0ad-c904-4215-bc59-8d7f2414dfbc_106141_TABLET_LANDSCAPE_16_9.jpg
7841909	William Wild	http://www.songkick.com/artists/7841909-william-wild?utm_source=56832&utm_medium=partner	William Wild	Folk	Folk	https://s1.ticketm.net/dam/c/779/d4bc7e11-1b50-4aa4-a2be-0a21569f5779_106531_TABLET_LANDSCAPE_16_9.jpg
2371034	Andrew Belle	http://www.songkick.com/artists/2371034-andrew-belle?utm_source=56832&utm_medium=partner	Andrew Belle	Rock	Pop	https://s1.ticketm.net/dam/c/fbc/b293c0ad-c904-4215-bc59-8d7f2414dfbc_106141_TABLET_LANDSCAPE_16_9.jpg
8708633	Jackie Cohen	http://www.songkick.com/artists/8708633-jackie-cohen?utm_source=56832&utm_medium=partner	Jackie Cohen	Alternative	Alternative	https://s1.ticketm.net/dam/c/797/5e693c26-2881-4776-8f0c-3aa94bfa3797_106511_TABLET_LANDSCAPE_16_9.jpg
3042246	Weyes Blood	http://www.songkick.com/artists/3042246-weyes-blood?utm_source=56832&utm_medium=partner	Weyes Blood	Rock	Alternative Rock	https://s1.ticketm.net/dam/c/fbc/b293c0ad-c904-4215-bc59-8d7f2414dfbc_106141_TABLET_LANDSCAPE_16_9.jpg
567564	Mortified	http://www.songkick.com/artists/567564-mortified?utm_source=56832&utm_medium=partner	Mortified Mortician	Rock	Punk	https://s1.ticketm.net/dam/c/fbc/b293c0ad-c904-4215-bc59-8d7f2414dfbc_106141_TABLET_LANDSCAPE_16_9.jpg
8519493	The War on Peace	http://www.songkick.com/artists/8519493-war-on-peace?utm_source=56832&utm_medium=partner	The War on Peace	Rock	Rock	https://s1.ticketm.net/dam/c/fbc/b293c0ad-c904-4215-bc59-8d7f2414dfbc_106141_TABLET_LANDSCAPE_16_9.jpg
4876678	Phil Cook	http://www.songkick.com/artists/4876678-phil-cook?utm_source=56832&utm_medium=partner	Phil Cook	Rock	Pop	https://s1.ticketm.net/dam/c/fbc/b293c0ad-c904-4215-bc59-8d7f2414dfbc_106141_TABLET_LANDSCAPE_16_9.jpg
418492	Charlie Parr	http://www.songkick.com/artists/418492-charlie-parr?utm_source=56832&utm_medium=partner	Charlie Parr	Folk	Folk	https://s1.ticketm.net/dam/a/d25/766ff7ae-b733-4e48-80fd-d6b114e0cd25_678621_TABLET_LANDSCAPE_16_9.jpg
9037609	Superet	http://www.songkick.com/artists/9037609-superet?utm_source=56832&utm_medium=partner	Superet	Rock	Pop	https://s1.ticketm.net/dam/c/fbc/b293c0ad-c904-4215-bc59-8d7f2414dfbc_106141_TABLET_LANDSCAPE_16_9.jpg
8942014	I Don't Know How But They Found Me	http://www.songkick.com/artists/8942014-i-dont-know-how-but-they-found-me?utm_source=56832&utm_medium=partner	I Dont Know How But They Found Me	Rock	Pop	https://s1.ticketm.net/dam/a/1be/c89998a7-ca3d-4548-97d2-6de622f9d1be_1004481_TABLET_LANDSCAPE_16_9.jpg
6184204	L'Impératrice	http://www.songkick.com/artists/6184204-limperatrice?utm_source=56832&utm_medium=partner	L'IMPERATRICE	Dance/Electronic	Dance/Electronic	https://s1.ticketm.net/dam/c/df8/81eadad8-4449-412e-a2b1-3d8bbb78edf8_106181_TABLET_LANDSCAPE_16_9.jpg
9264959	Quinn Lewis	http://www.songkick.com/artists/9264959-quinn-lewis?utm_source=56832&utm_medium=partner	Quinn Lewis	Pop	Pop	https://s1.ticketm.net/dam/c/4f2/0109888a-61b5-4525-8432-b026ef04f4f2_105631_TABLET_LANDSCAPE_16_9.jpg
667410	Kevin Garrett	http://www.songkick.com/artists/667410-kevin-garrett?utm_source=56832&utm_medium=partner	Kevin Garrett	Rock	Alternative Rock	https://s1.ticketm.net/dam/a/e04/c6e2a801-3084-4df1-a4e6-a8342093ae04_225851_TABLET_LANDSCAPE_16_9.jpg
8986539	Sammi Lanzetta	http://www.songkick.com/artists/8986539-sammi-lanzetta?utm_source=56832&utm_medium=partner	Sammi Lanzetta	Other	Other	https://s1.ticketm.net/dam/c/060/c5c08e7a-9912-456c-a060-2758be94e060_105881_TABLET_LANDSCAPE_16_9.jpg
985615	Tacocat	http://www.songkick.com/artists/985615-tacocat?utm_source=56832&utm_medium=partner	Tacocat	Rock	Pop	https://s1.ticketm.net/dam/a/1ea/a6431d3f-c9f9-4f29-a679-e2ccbb38f1ea_791311_TABLET_LANDSCAPE_16_9.jpg
4424393	Lydia Ainsworth	http://www.songkick.com/artists/4424393-lydia-ainsworth?utm_source=56832&utm_medium=partner	Lydia Ainsworth	Rock	Pop	https://s1.ticketm.net/dam/c/fbc/b293c0ad-c904-4215-bc59-8d7f2414dfbc_106141_TABLET_LANDSCAPE_16_9.jpg
6137504	TR/ST	http://www.songkick.com/artists/6137504-trst?utm_source=56832&utm_medium=partner	Tr/st	Rock	Alternative Rock	https://s1.ticketm.net/dam/a/318/5e8e7e9f-fd21-4344-a357-0c5e663b2318_972681_TABLET_LANDSCAPE_16_9.jpg
3499256	Tunde Olaniran	http://www.songkick.com/artists/3499256-tunde-olaniran?utm_source=56832&utm_medium=partner	Tunde Olaniran	Rock	Alternative Rock	https://s1.ticketm.net/dam/c/fbc/b293c0ad-c904-4215-bc59-8d7f2414dfbc_106141_TABLET_LANDSCAPE_16_9.jpg
370668	My Brightest Diamond	http://www.songkick.com/artists/370668-my-brightest-diamond?utm_source=56832&utm_medium=partner	My Brightest Diamond	Rock	Pop	https://s1.ticketm.net/dam/a/bac/af88b1b9-e7a4-4188-a46e-5e71d8101bac_782731_TABLET_LANDSCAPE_16_9.jpg
1105447	The Mattson 2	http://www.songkick.com/artists/1105447-mattson-2?utm_source=56832&utm_medium=partner	The Mattson 2	Jazz	Jazz	https://s1.ticketm.net/dam/a/635/586b150f-7077-420c-bae6-54fa64d70635_1012921_TABLET_LANDSCAPE_16_9.jpg
3987991	Nick Waterhouse	http://www.songkick.com/artists/3987991-nick-waterhouse?utm_source=56832&utm_medium=partner	Nick Waterhouse	R&B	R&B	https://s1.ticketm.net/dam/a/4ac/d2192fe3-8576-4242-a80f-968ca48554ac_937721_TABLET_LANDSCAPE_16_9.jpg
2613161	Iceage	http://www.songkick.com/artists/2613161-iceage?utm_source=56832&utm_medium=partner	Iceage	Rock	Alternative Rock	https://s1.ticketm.net/dam/c/fbc/b293c0ad-c904-4215-bc59-8d7f2414dfbc_106141_TABLET_LANDSCAPE_16_9.jpg
9126884	Matt Maeson	http://www.songkick.com/artists/9126884-matt-maeson?utm_source=56832&utm_medium=partner	Matt Maeson	Alternative	Alternative	https://s1.ticketm.net/dam/c/797/5e693c26-2881-4776-8f0c-3aa94bfa3797_106511_TABLET_LANDSCAPE_16_9.jpg
249317	Picture This	http://www.songkick.com/artists/249317-picture-this?utm_source=56832&utm_medium=partner	Picture This	Rock	Pop	https://s1.ticketm.net/dam/a/cd1/78c4c1b4-795b-415b-b8c1-c07d98ceacd1_922431_TABLET_LANDSCAPE_16_9.jpg
6942854	Bruno Major	http://www.songkick.com/artists/6942854-bruno-major?utm_source=56832&utm_medium=partner	Bruno Major	Rock	Pop	https://s1.ticketm.net/dam/a/65a/52f910fb-d843-41b1-85ad-daa47c06e65a_670631_TABLET_LANDSCAPE_16_9.jpg
3754006	Apex Manor	http://www.songkick.com/artists/3754006-apex-manor?utm_source=56832&utm_medium=partner	Apex Manor	Rock	Pop	https://s1.ticketm.net/dam/c/fbc/b293c0ad-c904-4215-bc59-8d7f2414dfbc_106141_TABLET_LANDSCAPE_16_9.jpg
798114	Strand of Oaks	http://www.songkick.com/artists/798114-strand-of-oaks?utm_source=56832&utm_medium=partner	Strand of Oaks	Folk	Folk	https://s1.ticketm.net/dam/a/41d/0668c648-1831-4011-ac35-b8f5225ec41d_974871_TABLET_LANDSCAPE_16_9.jpg
9713384	Overstreet	http://www.songkick.com/artists/9713384-overstreet?utm_source=56832&utm_medium=partner	Overstreet	Rock	Rock	https://s1.ticketm.net/dam/c/fbc/b293c0ad-c904-4215-bc59-8d7f2414dfbc_106141_TABLET_LANDSCAPE_16_9.jpg
8518333	Lostboycrow	http://www.songkick.com/artists/8518333-lostboycrow?utm_source=56832&utm_medium=partner	lostboycrow	Pop	Indie Pop	https://s1.ticketm.net/dam/a/78f/6aa19a2c-5200-4562-b163-92ba6168578f_539881_TABLET_LANDSCAPE_16_9.jpg
393320	The Score	http://www.songkick.com/artists/393320-score?utm_source=56832&utm_medium=partner	The Score	Rock	Pop	https://s1.ticketm.net/dam/a/964/02ab501c-22aa-4a42-bdfc-dc1be7ba8964_522561_TABLET_LANDSCAPE_16_9.jpg
7026414	Dos Santos	http://www.songkick.com/artists/7026414-dos-santos?utm_source=56832&utm_medium=partner	Charlotte Dos Santos	Jazz	Jazz	https://s1.ticketm.net/dam/c/bea/03d47f66-d37b-4aca-aa17-0135be64dbea_105801_TABLET_LANDSCAPE_16_9.jpg
388695	Dengue Fever	http://www.songkick.com/artists/388695-dengue-fever?utm_source=56832&utm_medium=partner	Dengue Fever	Rock	Pop	https://s1.ticketm.net/dam/c/fbc/b293c0ad-c904-4215-bc59-8d7f2414dfbc_106141_TABLET_LANDSCAPE_16_9.jpg
2422701	Onra	http://www.songkick.com/artists/2422701-onra?utm_source=56832&utm_medium=partner	Onra	Hip-Hop/Rap	Urban	https://s1.ticketm.net/dam/a/616/d2b0540d-f2ed-4d3b-9810-03dddf035616_273141_TABLET_LANDSCAPE_16_9.jpg
489208	Billy Bragg	http://www.songkick.com/artists/489208-billy-bragg?utm_source=56832&utm_medium=partner	Billy Bragg	Folk	Folk	https://s1.ticketm.net/dam/a/a0d/8893ac4f-53ce-4bc2-9f0d-40b69a144a0d_97311_TABLET_LANDSCAPE_16_9.jpg
489208	Billy Bragg	http://www.songkick.com/artists/489208-billy-bragg?utm_source=56832&utm_medium=partner	Billy Bragg	Folk	Folk	https://s1.ticketm.net/dam/a/a0d/8893ac4f-53ce-4bc2-9f0d-40b69a144a0d_97311_TABLET_LANDSCAPE_16_9.jpg
489208	Billy Bragg	http://www.songkick.com/artists/489208-billy-bragg?utm_source=56832&utm_medium=partner	Billy Bragg	Folk	Folk	https://s1.ticketm.net/dam/a/a0d/8893ac4f-53ce-4bc2-9f0d-40b69a144a0d_97311_TABLET_LANDSCAPE_16_9.jpg
8351288	Bea Miller	http://www.songkick.com/artists/8351288-bea-miller?utm_source=56832&utm_medium=partner	Bea Miller	Pop	Pop	https://s1.ticketm.net/dam/a/c51/cc2a69bd-1396-4a20-93d4-fad34913dc51_978691_TABLET_LANDSCAPE_16_9.jpg
3637481	Alec Benjamin	http://www.songkick.com/artists/3637481-alec-benjamin?utm_source=56832&utm_medium=partner	Alec Benjamin	Pop	Pop	https://s1.ticketm.net/dam/a/1f7/4c9c1795-6b1d-47fd-899d-8087c384d1f7_1008811_TABLET_LANDSCAPE_16_9.jpg
8144568	GURR	http://www.songkick.com/artists/8144568-gurr?utm_source=56832&utm_medium=partner	Gurr	Alternative	Indie Rock	https://s1.ticketm.net/dam/a/19d/6238d251-fb57-4d57-b8ac-da755596019d_465791_TABLET_LANDSCAPE_16_9.jpg
7502854	Bleach Party	http://www.songkick.com/artists/7502854-bleach-party?utm_source=56832&utm_medium=partner	Bleach Party	Rock	Rock	https://s1.ticketm.net/dam/c/fbc/b293c0ad-c904-4215-bc59-8d7f2414dfbc_106141_TABLET_LANDSCAPE_16_9.jpg
332148	Palm	http://www.songkick.com/artists/332148-palm?utm_source=56832&utm_medium=partner	The Palms	Rock	Pop	https://s1.ticketm.net/dam/c/fbc/b293c0ad-c904-4215-bc59-8d7f2414dfbc_106141_TABLET_LANDSCAPE_16_9.jpg
173227	Deerhoof	http://www.songkick.com/artists/173227-deerhoof?utm_source=56832&utm_medium=partner	Deerhoof	Rock	Alternative Rock	https://s1.ticketm.net/dam/a/07a/6fe4137c-9831-452e-a659-bee75187107a_82231_TABLET_LANDSCAPE_16_9.jpg
4810498	The Murlocs	http://www.songkick.com/artists/4810498-murlocs?utm_source=56832&utm_medium=partner	The Murlocs	Rock	Garage Rock	https://s1.ticketm.net/dam/a/a2f/42187635-582a-485f-89d9-08d896847a2f_470691_TABLET_LANDSCAPE_16_9.jpg
2348679	Gun Outfit	http://www.songkick.com/artists/2348679-gun-outfit?utm_source=56832&utm_medium=partner	GUN OUTFIT	Rock	Alternative Rock	https://s1.ticketm.net/dam/a/fb6/4571a7c2-833a-4cc3-a202-13d433f02fb6_542611_TABLET_LANDSCAPE_16_9.jpg
2511061	Steve Gunn	http://www.songkick.com/artists/2511061-steve-gunn?utm_source=56832&utm_medium=partner	Steve Gunn	Folk	Folk	https://s1.ticketm.net/dam/a/7ec/1279f69d-d062-4843-a042-ad7a703cc7ec_841381_TABLET_LANDSCAPE_16_9.jpg
603087	Claud	http://www.songkick.com/artists/603087-claud?utm_source=56832&utm_medium=partner	Claud Michaud	Pop	Adult Contemporary	https://s1.ticketm.net/dam/c/4f2/0109888a-61b5-4525-8432-b026ef04f4f2_105631_TABLET_LANDSCAPE_16_9.jpg
9381119	Hatchie	http://www.songkick.com/artists/9381119-hatchie?utm_source=56832&utm_medium=partner	Hatchie	Rock	Pop	https://s1.ticketm.net/dam/c/fbc/b293c0ad-c904-4215-bc59-8d7f2414dfbc_106141_TABLET_LANDSCAPE_16_9.jpg
5865474	Girlpool	http://www.songkick.com/artists/5865474-girlpool?utm_source=56832&utm_medium=partner	Girlpool	Rock	Alternative Rock	https://s1.ticketm.net/dam/a/865/5d8464db-0387-487a-a8de-82a374618865_403571_TABLET_LANDSCAPE_16_9.jpg
8435638	Lady Lamb	http://www.songkick.com/artists/8435638-lady-lamb?utm_source=56832&utm_medium=partner	Lady Lamb	Folk	Folk	https://s1.ticketm.net/dam/a/241/a75f2bec-8521-414f-9c58-971c87d7d241_17981_TABLET_LANDSCAPE_16_9.jpg
3767971	Yip Deceiver	http://www.songkick.com/artists/3767971-yip-deceiver?utm_source=56832&utm_medium=partner	Yip Deceiver	Dance/Electronic	Club Dance	https://s1.ticketm.net/dam/c/df8/81eadad8-4449-412e-a2b1-3d8bbb78edf8_106181_TABLET_LANDSCAPE_16_9.jpg
308396	of Montreal	http://www.songkick.com/artists/308396-of-montreal?utm_source=56832&utm_medium=partner	of Montreal	Rock	Alternative Rock	https://s1.ticketm.net/dam/a/ae4/db52d9d1-a55a-4e22-8ffb-0ea2f8f19ae4_348771_TABLET_LANDSCAPE_16_9.jpg
6980829	Jonathan McReynolds	http://www.songkick.com/artists/6980829-jonathan-mcreynolds?utm_source=56832&utm_medium=partner	Jonathan McReynolds	Religious	Gospel	https://s1.ticketm.net/dam/a/d6c/e3c73b3f-bbc1-4b0d-b7cd-0a4c701a5d6c_1018261_TABLET_LANDSCAPE_16_9.jpg
1967239	Miles Nielsen	http://www.songkick.com/artists/1967239-miles-nielsen?utm_source=56832&utm_medium=partner	Miles Nielsen	Rock	Pop	https://s1.ticketm.net/dam/c/fbc/b293c0ad-c904-4215-bc59-8d7f2414dfbc_106141_TABLET_LANDSCAPE_16_9.jpg
303016	Roger Clyne & The Peacemakers	http://www.songkick.com/artists/303016-roger-clyne-and-the-peacemakers?utm_source=56832&utm_medium=partner	Roger Clyne & the Peacemakers	Pop	Pop	https://s1.ticketm.net/dam/a/520/54cf941a-69e0-49d2-b43d-c274f53af520_693881_TABLET_LANDSCAPE_16_9.jpg
6232909	Twinsmith	http://www.songkick.com/artists/6232909-twinsmith?utm_source=56832&utm_medium=partner	Twinsmith	Alternative	Alternative Rock	https://s1.ticketm.net/dam/c/797/5e693c26-2881-4776-8f0c-3aa94bfa3797_106511_TABLET_LANDSCAPE_16_9.jpg
7949948	Michigander	http://www.songkick.com/artists/7949948-michigander?utm_source=56832&utm_medium=partner	Michigander	Alternative	Alternative Rock	https://s1.ticketm.net/dam/c/797/5e693c26-2881-4776-8f0c-3aa94bfa3797_106511_TABLET_LANDSCAPE_16_9.jpg
6052614	Jared & The Mill	http://www.songkick.com/artists/6052614-jared-and-the-mill?utm_source=56832&utm_medium=partner	Jared & the Mill	Folk	Folk	https://s1.ticketm.net/dam/a/37d/c0d161ea-08d7-4f48-b793-004a59ea537d_635571_TABLET_LANDSCAPE_16_9.jpg
9112819	Lil Tracy	http://www.songkick.com/artists/9112819-lil-tracy?utm_source=56832&utm_medium=partner	Lil Tracy	Hip-Hop/Rap	Hip-Hop/Rap	https://s1.ticketm.net/dam/a/812/657c895a-eae4-4017-9750-1d14f5f3a812_929561_TABLET_LANDSCAPE_16_9.jpg
2122217	Bulow	http://www.songkick.com/artists/2122217-bulow?utm_source=56832&utm_medium=partner	bülow	Pop	Pop	https://s1.ticketm.net/dam/a/63e/dc0045f5-60d1-49c0-b433-c55a4a97363e_757431_TABLET_LANDSCAPE_16_9.jpg
8623349	Lauv	http://www.songkick.com/artists/8623349-lauv?utm_source=56832&utm_medium=partner	Lauv	Pop	Pop	https://s1.ticketm.net/dam/a/e66/467e7c78-7d50-4e77-9a73-8558ecce1e66_1019991_TABLET_LANDSCAPE_16_9.jpg
5105188	Mac DeMarco	http://www.songkick.com/artists/5105188-mac-demarco?utm_source=56832&utm_medium=partner	Mac DeMarco	Rock	Pop	https://s1.ticketm.net/dam/a/5fd/8244395a-1152-4dd7-a443-998d600e25fd_974831_TABLET_LANDSCAPE_16_9.jpg
5105188	Mac DeMarco	http://www.songkick.com/artists/5105188-mac-demarco?utm_source=56832&utm_medium=partner	Mac DeMarco	Rock	Pop	https://s1.ticketm.net/dam/a/5fd/8244395a-1152-4dd7-a443-998d600e25fd_974831_TABLET_LANDSCAPE_16_9.jpg
8913064	Dodie	http://www.songkick.com/artists/8913064-dodie?utm_source=56832&utm_medium=partner	Dodie	Pop	Adult Contemporary	https://s1.ticketm.net/dam/a/1f1/74885847-0a8b-4815-ac61-2453670df1f1_941951_TABLET_LANDSCAPE_16_9.jpg
256535	Hot Chip	http://www.songkick.com/artists/256535-hot-chip?utm_source=56832&utm_medium=partner	Hot Chip	Rock	Alternative Rock	https://s1.ticketm.net/dam/a/0dd/1de3a326-dac4-4435-97c5-fbd2f028f0dd_1019231_TABLET_LANDSCAPE_16_9.jpg
385410	Adam Ant	http://www.songkick.com/artists/385410-adam-ant?utm_source=56832&utm_medium=partner	Adam Ant	Rock	Alternative Rock	https://s1.ticketm.net/dam/a/997/3fe60b04-b2e6-480b-9a7e-1b6f1affe997_669211_TABLET_LANDSCAPE_16_9.jpg
714436	Serengeti	http://www.songkick.com/artists/714436-serengeti?utm_source=56832&utm_medium=partner	Serengeti	Hip-Hop/Rap	Alternative Rap	https://s1.ticketm.net/dam/c/80b/f3cd8d24-c3ae-4fa0-b4bc-1ba99f9b380b_106091_TABLET_LANDSCAPE_16_9.jpg
513368	Jenny Lewis	http://www.songkick.com/artists/513368-jenny-lewis?utm_source=56832&utm_medium=partner	Jenny Lewis	Rock	Alternative Rock	https://s1.ticketm.net/dam/a/30b/45ecdfc9-fa04-43e7-aff8-cc469b0c530b_915221_TABLET_LANDSCAPE_16_9.jpg
474383	Gogol Bordello	http://www.songkick.com/artists/474383-gogol-bordello?utm_source=56832&utm_medium=partner	Gogol Bordello	Rock	Alternative Rock	https://s1.ticketm.net/dam/a/3ff/e4ac6bee-6a87-4737-8ae4-0d446572d3ff_594491_TABLET_LANDSCAPE_16_9.jpg
1141881	JOHNNYSWIM	http://www.songkick.com/artists/1141881-johnnyswim?utm_source=56832&utm_medium=partner	JOHNNYSWIM	Rock	Pop	https://s1.ticketm.net/dam/a/507/a9ad4819-449f-47e6-8aad-4156483d5507_940851_TABLET_LANDSCAPE_16_9.jpg
1141881	JOHNNYSWIM	http://www.songkick.com/artists/1141881-johnnyswim?utm_source=56832&utm_medium=partner	JOHNNYSWIM	Rock	Pop	https://s1.ticketm.net/dam/a/507/a9ad4819-449f-47e6-8aad-4156483d5507_940851_TABLET_LANDSCAPE_16_9.jpg
596190	Jim James	http://www.songkick.com/artists/596190-jim-james?utm_source=56832&utm_medium=partner	Jim James	Rock	Alternative Rock	https://s1.ticketm.net/dam/a/943/e3eb3455-aff3-4ac6-b97b-1a7c208d4943_952631_TABLET_LANDSCAPE_16_9.jpg
9642424	Amo Amo	http://www.songkick.com/artists/9642424-amo-amo?utm_source=56832&utm_medium=partner	Amo Amo	Rock	Rock	https://s1.ticketm.net/dam/c/fbc/b293c0ad-c904-4215-bc59-8d7f2414dfbc_106141_TABLET_LANDSCAPE_16_9.jpg
9442264	Alina Engibaryan	http://www.songkick.com/artists/9442264-alina-engibaryan?utm_source=56832&utm_medium=partner	Alina Engibaryan	Jazz	Jazz	https://s1.ticketm.net/dam/c/bea/03d47f66-d37b-4aca-aa17-0135be64dbea_105801_TABLET_LANDSCAPE_16_9.jpg
29793	Snarky Puppy	http://www.songkick.com/artists/29793-snarky-puppy?utm_source=56832&utm_medium=partner	Snarky Puppy	Jazz	Jazz	https://s1.ticketm.net/dam/a/e96/08a80a52-29da-4164-ba43-c3e3ba604e96_910921_TABLET_LANDSCAPE_16_9.jpg
1013305	Passion Pit	http://www.songkick.com/artists/1013305-passion-pit?utm_source=56832&utm_medium=partner	Passion Pit	Rock	Pop	https://s1.ticketm.net/dam/a/a0a/f01bce50-4137-4853-96cf-8967d1051a0a_963281_TABLET_LANDSCAPE_16_9.jpg
199813	We Are Scientists	http://www.songkick.com/artists/199813-we-are-scientists?utm_source=56832&utm_medium=partner	We Are Scientists	Rock	Alternative Rock	https://s1.ticketm.net/dam/a/34a/187c3ccd-0f43-4770-8438-039e6965034a_718491_TABLET_LANDSCAPE_16_9.jpg
259347	Snow Patrol	http://www.songkick.com/artists/259347-snow-patrol?utm_source=56832&utm_medium=partner	Snow Patrol	Rock	Alternative Rock	https://s1.ticketm.net/dam/a/f38/41934e3f-ae58-474c-953c-143980787f38_663771_TABLET_LANDSCAPE_16_9.jpg
9002344	Tayla Parx	http://www.songkick.com/artists/9002344-tayla-parx?utm_source=56832&utm_medium=partner	Tayla Parx	R&B	R&B	https://s1.ticketm.net/dam/a/b8a/1b776465-7925-4065-9c4a-2c978b35db8a_535861_TABLET_LANDSCAPE_16_9.jpg
5031783	Lizzo	http://www.songkick.com/artists/5031783-lizzo?utm_source=56832&utm_medium=partner	Lizzo	R&B	R&B	https://s1.ticketm.net/dam/a/87c/bf775ca2-e6cd-463a-9ff6-60459f33d87c_995301_TABLET_LANDSCAPE_16_9.jpg
9002344	Tayla Parx	http://www.songkick.com/artists/9002344-tayla-parx?utm_source=56832&utm_medium=partner	Tayla Parx	R&B	R&B	https://s1.ticketm.net/dam/a/b8a/1b776465-7925-4065-9c4a-2c978b35db8a_535861_TABLET_LANDSCAPE_16_9.jpg
5031783	Lizzo	http://www.songkick.com/artists/5031783-lizzo?utm_source=56832&utm_medium=partner	Lizzo	R&B	R&B	https://s1.ticketm.net/dam/a/87c/bf775ca2-e6cd-463a-9ff6-60459f33d87c_995301_TABLET_LANDSCAPE_16_9.jpg
358714	Trina	http://www.songkick.com/artists/358714-trina?utm_source=56832&utm_medium=partner	Trina	Hip-Hop/Rap	Urban	https://s1.ticketm.net/dam/c/80b/f3cd8d24-c3ae-4fa0-b4bc-1ba99f9b380b_106091_TABLET_LANDSCAPE_16_9.jpg
701937	Tamar Braxton	http://www.songkick.com/artists/701937-tamar-braxton?utm_source=56832&utm_medium=partner	Tamar Braxton	R&B	R&B	https://s1.ticketm.net/dam/a/bd5/517f463e-3763-4c63-9cc0-d68dfe358bd5_898841_TABLET_LANDSCAPE_16_9.jpg
3642406	Kandi Burruss	http://www.songkick.com/artists/3642406-kandi-burruss?utm_source=56832&utm_medium=partner	Kandi Burruss	R&B	R&B	https://s1.ticketm.net/dam/a/d4a/9117c9be-6d25-43db-ab73-4fc14cac8d4a_988101_TABLET_LANDSCAPE_16_9.jpg
123676	Omni	http://www.songkick.com/artists/123676-omni?utm_source=56832&utm_medium=partner	Omni	Dance/Electronic	Club Dance	https://s1.ticketm.net/dam/a/32f/413cd4d6-6e1f-4354-8dea-c6a8f4a6532f_421701_TABLET_LANDSCAPE_16_9.jpg
8777299	Preoccupations	http://www.songkick.com/artists/8777299-preoccupations?utm_source=56832&utm_medium=partner	Preoccupations	Rock	Alternative Rock	https://s1.ticketm.net/dam/a/fee/f6546ce5-ec15-4d55-a778-539101b54fee_610511_TABLET_LANDSCAPE_16_9.jpg
525043	Foals	http://www.songkick.com/artists/525043-foals?utm_source=56832&utm_medium=partner	Foals	Rock	Pop	https://s1.ticketm.net/dam/a/fdd/4f70e3e0-3b5c-4908-9015-3f84995fdfdd_952611_TABLET_LANDSCAPE_16_9.jpg
97426	Electric Wizard	http://www.songkick.com/artists/97426-electric-wizard?utm_source=56832&utm_medium=partner	Electric Wizard	Metal	Heavy Metal	https://s1.ticketm.net/dam/a/3fd/c32f6b64-d9c4-4093-912d-d2c4690e33fd_642691_TABLET_LANDSCAPE_16_9.jpg
2450431	Saintseneca	http://www.songkick.com/artists/2450431-saintseneca?utm_source=56832&utm_medium=partner	Saintseneca	Folk	Folk	https://s1.ticketm.net/dam/a/d3b/d18eefdc-5b31-44c2-8bdf-546e8451bd3b_881681_TABLET_LANDSCAPE_16_9.jpg
24336	Guster	http://www.songkick.com/artists/24336-guster?utm_source=56832&utm_medium=partner	Guster	Rock	Alternative Rock	https://s1.ticketm.net/dam/a/8d8/186faab0-3a2b-4e3d-9e8f-3a795bffb8d8_867921_TABLET_LANDSCAPE_16_9.jpg
37055	Peter Hook	http://www.songkick.com/artists/37055-peter-hook?utm_source=56832&utm_medium=partner	Peter Hook	Rock	Alternative Rock	https://s1.ticketm.net/dam/c/fbc/b293c0ad-c904-4215-bc59-8d7f2414dfbc_106141_TABLET_LANDSCAPE_16_9.jpg
8434308	Big Thief	http://www.songkick.com/artists/8434308-big-thief?utm_source=56832&utm_medium=partner	Big Thief	Rock	Pop	https://s1.ticketm.net/dam/a/5fe/951cac42-4801-4e6f-b3a9-bf85248a55fe_984241_TABLET_LANDSCAPE_16_9.jpg
7133229	Palehound	http://www.songkick.com/artists/7133229-palehound?utm_source=56832&utm_medium=partner	Palehound	Rock	Alternative Rock	https://s1.ticketm.net/dam/a/ce1/718ec4b3-8df1-419e-b03a-126ec8d23ce1_998351_TABLET_LANDSCAPE_16_9.jpg
8434308	Big Thief	http://www.songkick.com/artists/8434308-big-thief?utm_source=56832&utm_medium=partner	Big Thief	Rock	Pop	https://s1.ticketm.net/dam/a/5fe/951cac42-4801-4e6f-b3a9-bf85248a55fe_984241_TABLET_LANDSCAPE_16_9.jpg
1861	Jawbox	http://www.songkick.com/artists/1861-jawbox?utm_source=56832&utm_medium=partner	Jawbox	Rock	Alternative Rock	https://s1.ticketm.net/dam/c/fbc/b293c0ad-c904-4215-bc59-8d7f2414dfbc_106141_TABLET_LANDSCAPE_16_9.jpg
1861	Jawbox	http://www.songkick.com/artists/1861-jawbox?utm_source=56832&utm_medium=partner	Jawbox	Rock	Alternative Rock	https://s1.ticketm.net/dam/c/fbc/b293c0ad-c904-4215-bc59-8d7f2414dfbc_106141_TABLET_LANDSCAPE_16_9.jpg
6373119	Cloakroom	http://www.songkick.com/artists/6373119-cloakroom?utm_source=56832&utm_medium=partner	Cloakroom	Rock	Alternative Rock	https://s1.ticketm.net/dam/c/fbc/b293c0ad-c904-4215-bc59-8d7f2414dfbc_106141_TABLET_LANDSCAPE_16_9.jpg
342252	Young Widows	http://www.songkick.com/artists/342252-young-widows?utm_source=56832&utm_medium=partner	Young Widows	Rock	Pop	https://s1.ticketm.net/dam/c/fbc/b293c0ad-c904-4215-bc59-8d7f2414dfbc_106141_TABLET_LANDSCAPE_16_9.jpg
460112	Pelican	http://www.songkick.com/artists/460112-pelican?utm_source=56832&utm_medium=partner	Pelican	Rock	Alternative Rock	https://s1.ticketm.net/dam/c/fbc/b293c0ad-c904-4215-bc59-8d7f2414dfbc_106141_TABLET_LANDSCAPE_16_9.jpg
5738549	Cuco	http://www.songkick.com/artists/5738549-cuco?utm_source=56832&utm_medium=partner	Cuco	World	Latin Electronica	https://s1.ticketm.net/dam/a/525/e10095a8-f9b3-449c-ac0f-df0917cb0525_1012791_TABLET_LANDSCAPE_16_9.jpg
6090414	Triathalon	http://www.songkick.com/artists/6090414-triathalon?utm_source=56832&utm_medium=partner	Triathalon	Rock	Pop	https://s1.ticketm.net/dam/a/5c2/cb1fcc02-08b1-4a57-9288-1909832fd5c2_803611_TABLET_LANDSCAPE_16_9.jpg
8586249	BoneLang	http://www.songkick.com/artists/8586249-bonelang?utm_source=56832&utm_medium=partner	Bone Lang	Jazz	Jazz	https://s1.ticketm.net/dam/c/bea/03d47f66-d37b-4aca-aa17-0135be64dbea_105801_TABLET_LANDSCAPE_16_9.jpg
8530684	Oso Oso	http://www.songkick.com/artists/8530684-oso-oso?utm_source=56832&utm_medium=partner	Katzu Oso	Rock	Indie Rock	https://s1.ticketm.net/dam/c/fbc/b293c0ad-c904-4215-bc59-8d7f2414dfbc_106141_TABLET_LANDSCAPE_16_9.jpg
646848	Hunny	http://www.songkick.com/artists/646848-hunny?utm_source=56832&utm_medium=partner	Hunny	Rock	Pop	https://s1.ticketm.net/dam/a/4dc/befe359c-7a33-4975-a8d1-aab1f4c704dc_155101_TABLET_LANDSCAPE_16_9.jpg
324205	Citizen	http://www.songkick.com/artists/324205-citizen?utm_source=56832&utm_medium=partner	Citizen Cope	Rock	Alternative Rock	https://s1.ticketm.net/dam/a/66f/27f58932-2421-4be6-b658-11351887966f_922501_TABLET_LANDSCAPE_16_9.jpg
4921853	Knuckle Puck	http://www.songkick.com/artists/4921853-knuckle-puck?utm_source=56832&utm_medium=partner	Knuckle Puck	Rock	Punk	https://s1.ticketm.net/dam/a/607/afe13624-b13d-41d9-b710-7ae27e9e8607_467891_TABLET_LANDSCAPE_16_9.jpg
1911769	Empire of the Sun	http://www.songkick.com/artists/1911769-empire-of-the-sun?utm_source=56832&utm_medium=partner	Empire of the Sun	Rock	Pop	https://s1.ticketm.net/dam/a/208/cbc6f928-0f19-4703-a351-67edae7e7208_777081_TABLET_LANDSCAPE_16_9.jpg
1911769	Empire of the Sun	http://www.songkick.com/artists/1911769-empire-of-the-sun?utm_source=56832&utm_medium=partner	Empire of the Sun	Rock	Pop	https://s1.ticketm.net/dam/a/208/cbc6f928-0f19-4703-a351-67edae7e7208_777081_TABLET_LANDSCAPE_16_9.jpg
1911769	Empire of the Sun	http://www.songkick.com/artists/1911769-empire-of-the-sun?utm_source=56832&utm_medium=partner	Empire of the Sun	Rock	Pop	https://s1.ticketm.net/dam/a/208/cbc6f928-0f19-4703-a351-67edae7e7208_777081_TABLET_LANDSCAPE_16_9.jpg
328005	Nothing	http://www.songkick.com/artists/328005-nothing?utm_source=56832&utm_medium=partner	Nothing More	Rock	Pop	https://s1.ticketm.net/dam/a/e6a/bebe14f7-a2d5-4dd8-8a36-73317109ee6a_857321_TABLET_LANDSCAPE_16_9.jpg
8590239	Casper Skulls	http://www.songkick.com/artists/8590239-casper-skulls?utm_source=56832&utm_medium=partner	Casper Skulls	Rock	Punk	https://s1.ticketm.net/dam/c/fbc/b293c0ad-c904-4215-bc59-8d7f2414dfbc_106141_TABLET_LANDSCAPE_16_9.jpg
5607023	Ratboys	http://www.songkick.com/artists/5607023-ratboys?utm_source=56832&utm_medium=partner	Ratboys	Rock	Indie Rock	https://s1.ticketm.net/dam/a/e4a/67d51478-d7ac-4146-8863-06e1c1b62e4a_635601_TABLET_LANDSCAPE_16_9.jpg
1118551	PUP	http://www.songkick.com/artists/1118551-pup?utm_source=56832&utm_medium=partner	Pup	Rock	Pop	https://s1.ticketm.net/dam/a/7b8/b4ec7dc9-f462-4e78-9e3f-b59953b787b8_975771_TABLET_LANDSCAPE_16_9.jpg
8788904	Starcrawler	http://www.songkick.com/artists/8788904-starcrawler?utm_source=56832&utm_medium=partner	Starcrawler	Alternative	Alternative Rock	https://s1.ticketm.net/dam/c/797/5e693c26-2881-4776-8f0c-3aa94bfa3797_106511_TABLET_LANDSCAPE_16_9.jpg
239992	The Distillers	http://www.songkick.com/artists/239992-distillers?utm_source=56832&utm_medium=partner	The Distillers	Rock	Pop	https://s1.ticketm.net/dam/c/fbc/b293c0ad-c904-4215-bc59-8d7f2414dfbc_106141_TABLET_LANDSCAPE_16_9.jpg
630936	Le Butcherettes	http://www.songkick.com/artists/630936-le-butcherettes?utm_source=56832&utm_medium=partner	Le Butcherettes	Rock	Pop	https://s1.ticketm.net/dam/a/a24/2c89ca21-7a43-4fee-8464-6de20afd9a24_902861_TABLET_LANDSCAPE_16_9.jpg
364332	L7	http://www.songkick.com/artists/364332-l7?utm_source=56832&utm_medium=partner	L7	Rock	Alternative Rock	https://s1.ticketm.net/dam/a/d59/d4ed98eb-7407-4554-8804-1842f388dd59_999531_TABLET_LANDSCAPE_16_9.jpg
3238801	Boston Manor	http://www.songkick.com/artists/3238801-boston-manor?utm_source=56832&utm_medium=partner	Boston Manor	Rock	Pop Punk	https://s1.ticketm.net/dam/a/5d7/707760ad-6505-4958-8f6c-655e585915d7_618941_TABLET_LANDSCAPE_16_9.jpg
105911	Movements	http://www.songkick.com/artists/105911-movements?utm_source=56832&utm_medium=partner	Movements	Rock	Rock	https://s1.ticketm.net/dam/a/162/c3dbc88a-177d-4809-acb9-91159ee44162_1008851_TABLET_LANDSCAPE_16_9.jpg
5496093	Emily Wolfe	http://www.songkick.com/artists/5496093-emily-wolfe?utm_source=56832&utm_medium=partner	Emily Wolfe	Rock	Rock & Roll	https://s1.ticketm.net/dam/c/fbc/b293c0ad-c904-4215-bc59-8d7f2414dfbc_106141_TABLET_LANDSCAPE_16_9.jpg
8740729	Joy Again	http://www.songkick.com/artists/8740729-joy-again?utm_source=56832&utm_medium=partner	Joy Again	Rock	Pop	https://s1.ticketm.net/dam/c/fbc/b293c0ad-c904-4215-bc59-8d7f2414dfbc_106141_TABLET_LANDSCAPE_16_9.jpg
9089679	Wallows	http://www.songkick.com/artists/9089679-wallows?utm_source=56832&utm_medium=partner	Wallows	Alternative	Alternative Rock	https://s1.ticketm.net/dam/a/151/e5ea9d71-b574-4ddb-a08d-c9487ec7d151_961851_TABLET_LANDSCAPE_16_9.jpg
18157	Cosmonauts	http://www.songkick.com/artists/18157-cosmonauts?utm_source=56832&utm_medium=partner	Cosmonauts	Undefined	Undefined	https://s1.ticketm.net/dam/a/b42/da5d20d1-92f8-4a72-bf3e-217ab4ecbb42_841541_TABLET_LANDSCAPE_16_9.jpg
376657	The Dandy Warhols	http://www.songkick.com/artists/376657-dandy-warhols?utm_source=56832&utm_medium=partner	The Dandy Warhols	Rock	Alternative Rock	https://s1.ticketm.net/dam/a/b76/d95d07ed-0743-4457-97dc-ed2732d03b76_605601_TABLET_LANDSCAPE_16_9.jpg
8590239	Casper Skulls	http://www.songkick.com/artists/8590239-casper-skulls?utm_source=56832&utm_medium=partner	Casper Skulls	Rock	Punk	https://s1.ticketm.net/dam/c/fbc/b293c0ad-c904-4215-bc59-8d7f2414dfbc_106141_TABLET_LANDSCAPE_16_9.jpg
5607023	Ratboys	http://www.songkick.com/artists/5607023-ratboys?utm_source=56832&utm_medium=partner	Ratboys	Rock	Indie Rock	https://s1.ticketm.net/dam/a/e4a/67d51478-d7ac-4146-8863-06e1c1b62e4a_635601_TABLET_LANDSCAPE_16_9.jpg
1118551	PUP	http://www.songkick.com/artists/1118551-pup?utm_source=56832&utm_medium=partner	Pup	Rock	Pop	https://s1.ticketm.net/dam/a/7b8/b4ec7dc9-f462-4e78-9e3f-b59953b787b8_975771_TABLET_LANDSCAPE_16_9.jpg
162568	The Drums	http://www.songkick.com/artists/162568-drums?utm_source=56832&utm_medium=partner	The Drums	Rock	Pop	https://s1.ticketm.net/dam/a/b3f/8df2520b-ee1d-4707-9609-e1d950e29b3f_958341_TABLET_LANDSCAPE_16_9.jpg
4179	Fucked Up	http://www.songkick.com/artists/4179-fucked-up?utm_source=56832&utm_medium=partner	F**ked Up	Rock	Punk	https://s1.ticketm.net/dam/a/82b/4133e40b-bf1c-434c-ab60-45b410a3582b_951331_TABLET_LANDSCAPE_16_9.jpg
349473	Black Lips	http://www.songkick.com/artists/349473-black-lips?utm_source=56832&utm_medium=partner	Black Lips	Rock	Alternative Rock	https://s1.ticketm.net/dam/a/ba3/ff4419b4-5d0b-4985-beb1-2cf60bc12ba3_951321_TABLET_LANDSCAPE_16_9.jpg
4828533	Wild Belle	http://www.songkick.com/artists/4828533-wild-belle?utm_source=56832&utm_medium=partner	Wild Belle	Folk	Folk	https://s1.ticketm.net/dam/a/84b/fb792fdb-f5e7-4aa1-8213-0bcb6b93c84b_953721_TABLET_LANDSCAPE_16_9.jpg
9432859	Blackillac	http://www.songkick.com/artists/9432859-blackillac?utm_source=56832&utm_medium=partner	Blackillac	Hip-Hop/Rap	Hip-Hop/Rap	https://s1.ticketm.net/dam/c/80b/f3cd8d24-c3ae-4fa0-b4bc-1ba99f9b380b_106091_TABLET_LANDSCAPE_16_9.jpg
3970001	MISSIO	http://www.songkick.com/artists/3970001-missio?utm_source=56832&utm_medium=partner	Missio	Alternative	Alternative	https://s1.ticketm.net/dam/a/37d/0c8e2305-49ee-45f1-900f-4dc276a0637d_393371_TABLET_LANDSCAPE_16_9.jpg
5443278	Cryptodira	http://www.songkick.com/artists/5443278-cryptodira?utm_source=56832&utm_medium=partner	Cryptodira	Metal	Heavy Metal	https://s1.ticketm.net/dam/c/e7c/86478562-7218-4e8f-b9d4-8080fe168e7c_105581_TABLET_LANDSCAPE_16_9.jpg
4892328	Strawberry Girls	http://www.songkick.com/artists/4892328-strawberry-girls?utm_source=56832&utm_medium=partner	Strawberry Girls	Rock	Pop	https://s1.ticketm.net/dam/c/fbc/b293c0ad-c904-4215-bc59-8d7f2414dfbc_106141_TABLET_LANDSCAPE_16_9.jpg
82596	Intervals	http://www.songkick.com/artists/82596-intervals?utm_source=56832&utm_medium=partner	Intervals	Metal	Heavy Metal	https://s1.ticketm.net/dam/a/4ce/bd333862-6b8f-452d-889e-0db0b5d594ce_582501_TABLET_LANDSCAPE_16_9.jpg
584600	Veil of Maya	http://www.songkick.com/artists/584600-veil-of-maya?utm_source=56832&utm_medium=partner	Veil of Maya	Metal	Heavy Metal	https://s1.ticketm.net/dam/c/e7c/86478562-7218-4e8f-b9d4-8080fe168e7c_105581_TABLET_LANDSCAPE_16_9.jpg
8345808	Bad Sounds	http://www.songkick.com/artists/8345808-bad-sounds?utm_source=56832&utm_medium=partner	Bad Sounds	Alternative	Indie Rock	https://s1.ticketm.net/dam/a/e96/fbf2c056-72f0-47e5-a5e0-4a04e68a2e96_425341_TABLET_LANDSCAPE_16_9.jpg
7705744	Broods	http://www.songkick.com/artists/7705744-broods?utm_source=56832&utm_medium=partner	Broods	Rock	Alternative Rock	https://s1.ticketm.net/dam/a/07d/ae22be63-2848-4f5d-96ea-b0aab775a07d_1008821_TABLET_LANDSCAPE_16_9.jpg
139131	Pigface	http://www.songkick.com/artists/139131-pigface?utm_source=56832&utm_medium=partner	Pigface	Rock	Alternative Rock	https://s1.ticketm.net/dam/c/fbc/b293c0ad-c904-4215-bc59-8d7f2414dfbc_106141_TABLET_LANDSCAPE_16_9.jpg
4988689	The Bellwether Syndicate	http://www.songkick.com/artists/4988689-bellwether-syndicate?utm_source=56832&utm_medium=partner	The Bellwether Syndicate	Rock	Alternative Rock	https://s1.ticketm.net/dam/c/fbc/b293c0ad-c904-4215-bc59-8d7f2414dfbc_106141_TABLET_LANDSCAPE_16_9.jpg
256308	Clan of Xymox	http://www.songkick.com/artists/256308-clan-of-xymox?utm_source=56832&utm_medium=partner	Clan of Xymox	Rock	Pop	https://s1.ticketm.net/dam/a/40a/c2ebb269-c319-4950-b6b4-a48c14d8a40a_836791_TABLET_LANDSCAPE_16_9.jpg
7557599	Prettiest Eyes	http://www.songkick.com/artists/7557599-prettiest-eyes?utm_source=56832&utm_medium=partner	Prettiest Eyes	Rock	Rock	https://s1.ticketm.net/dam/c/fbc/b293c0ad-c904-4215-bc59-8d7f2414dfbc_106141_TABLET_LANDSCAPE_16_9.jpg
9862514	Oh Sees	http://www.songkick.com/artists/9862514-oh-sees?utm_source=56832&utm_medium=partner	Oh Sees	Rock	Pop	https://s1.ticketm.net/dam/a/7e7/b4dae3ae-70e0-4bdf-8ac3-deeec06287e7_1008791_TABLET_LANDSCAPE_16_9.jpg
7557599	Prettiest Eyes	http://www.songkick.com/artists/7557599-prettiest-eyes?utm_source=56832&utm_medium=partner	Prettiest Eyes	Rock	Rock	https://s1.ticketm.net/dam/c/fbc/b293c0ad-c904-4215-bc59-8d7f2414dfbc_106141_TABLET_LANDSCAPE_16_9.jpg
9862514	Oh Sees	http://www.songkick.com/artists/9862514-oh-sees?utm_source=56832&utm_medium=partner	Oh Sees	Rock	Pop	https://s1.ticketm.net/dam/a/7e7/b4dae3ae-70e0-4bdf-8ac3-deeec06287e7_1008791_TABLET_LANDSCAPE_16_9.jpg
340920	Tinariwen	http://www.songkick.com/artists/340920-tinariwen?utm_source=56832&utm_medium=partner	Tinariwen	Blues	Blues	https://s1.ticketm.net/dam/a/f61/0d269543-1e57-48d0-aa4d-51c0b9366f61_1007961_TABLET_LANDSCAPE_16_9.jpg
75681	God Is an Astronaut	http://www.songkick.com/artists/75681-god-is-an-astronaut?utm_source=56832&utm_medium=partner	God Is an Astronaut	Rock	Pop	https://s1.ticketm.net/dam/a/975/161dcc7c-67f1-412f-9e57-a2837db90975_959891_TABLET_LANDSCAPE_16_9.jpg
403309	Orange Goblin	http://www.songkick.com/artists/403309-orange-goblin?utm_source=56832&utm_medium=partner	Orange Goblin	Metal	Heavy Metal	https://s1.ticketm.net/dam/c/e7c/86478562-7218-4e8f-b9d4-8080fe168e7c_105581_TABLET_LANDSCAPE_16_9.jpg
5078473	Deaf Kids	http://www.songkick.com/artists/5078473-deaf-kids?utm_source=56832&utm_medium=partner	Deaf Kids	Rock	Pop	https://s1.ticketm.net/dam/c/fbc/b293c0ad-c904-4215-bc59-8d7f2414dfbc_106141_TABLET_LANDSCAPE_16_9.jpg
4737848	Bell Witch	http://www.songkick.com/artists/4737848-bell-witch?utm_source=56832&utm_medium=partner	Bell Witch	Metal	Heavy Metal	https://s1.ticketm.net/dam/a/882/6b6a15a7-30eb-42bd-bd04-c677d8585882_845301_TABLET_LANDSCAPE_16_9.jpg
77997	Neurosis	http://www.songkick.com/artists/77997-neurosis?utm_source=56832&utm_medium=partner	Neurosis	Rock	Alternative Rock	https://s1.ticketm.net/dam/a/a7c/34c937e9-1a46-4043-a56e-a68231d27a7c_681901_TABLET_LANDSCAPE_16_9.jpg
500479	Fruit Bats	http://www.songkick.com/artists/500479-fruit-bats?utm_source=56832&utm_medium=partner	Fruit Bats	Rock	Pop	https://s1.ticketm.net/dam/a/df8/d97bfc5d-81f7-49fb-84b4-ed1aff456df8_408631_TABLET_LANDSCAPE_16_9.jpg
263604	Corinne Bailey Rae	http://www.songkick.com/artists/263604-corinne-bailey-rae?utm_source=56832&utm_medium=partner	Corinne Bailey Rae	Rock	Pop	https://s1.ticketm.net/dam/a/dd3/e4d22d55-6e51-4b89-9194-f10c69a3fdd3_98221_TABLET_LANDSCAPE_16_9.jpg
8823364	Helena Deland	http://www.songkick.com/artists/8823364-helena-deland?utm_source=56832&utm_medium=partner	Helena Deland	Rock	Pop	https://s1.ticketm.net/dam/c/fbc/b293c0ad-c904-4215-bc59-8d7f2414dfbc_106141_TABLET_LANDSCAPE_16_9.jpg
399094	Bill Callahan	http://www.songkick.com/artists/399094-bill-callahan?utm_source=56832&utm_medium=partner	Bill Callahan	Folk	Folk	https://s1.ticketm.net/dam/c/779/d4bc7e11-1b50-4aa4-a2be-0a21569f5779_106531_TABLET_LANDSCAPE_16_9.jpg
67100	Built to Spill	http://www.songkick.com/artists/67100-built-to-spill?utm_source=56832&utm_medium=partner	Built To Spill	Rock	Pop	https://s1.ticketm.net/dam/a/b07/db0d4ecd-5cc4-4d10-bf39-20ae8efddb07_848571_TABLET_LANDSCAPE_16_9.jpg
67100	Built to Spill	http://www.songkick.com/artists/67100-built-to-spill?utm_source=56832&utm_medium=partner	Built To Spill	Rock	Pop	https://s1.ticketm.net/dam/a/b07/db0d4ecd-5cc4-4d10-bf39-20ae8efddb07_848571_TABLET_LANDSCAPE_16_9.jpg
159478	Karl Denson's Tiny Universe	http://www.songkick.com/artists/159478-karl-densons-tiny-universe?utm_source=56832&utm_medium=partner	Karl Denson's Tiny Universe	Rock	Pop	https://s1.ticketm.net/dam/a/636/971f7a09-6ff1-4f6d-b80b-1c0270b41636_46011_TABLET_LANDSCAPE_16_9.jpg
6254959	Negative Scanner	http://www.songkick.com/artists/6254959-negative-scanner?utm_source=56832&utm_medium=partner	Negative Scanner	Rock	Pop	https://s1.ticketm.net/dam/c/fbc/b293c0ad-c904-4215-bc59-8d7f2414dfbc_106141_TABLET_LANDSCAPE_16_9.jpg
376877	Superchunk	http://www.songkick.com/artists/376877-superchunk?utm_source=56832&utm_medium=partner	Superchunk	Rock	Alternative Rock	https://s1.ticketm.net/dam/c/fbc/b293c0ad-c904-4215-bc59-8d7f2414dfbc_106141_TABLET_LANDSCAPE_16_9.jpg
7219274	Kevin Morby	http://www.songkick.com/artists/7219274-kevin-morby?utm_source=56832&utm_medium=partner	Kevin Morby	Rock	Pop	https://s1.ticketm.net/dam/a/0cd/8e555dfb-a67f-4b18-a679-9b9db943f0cd_817551_TABLET_LANDSCAPE_16_9.jpg
7219274	Kevin Morby	http://www.songkick.com/artists/7219274-kevin-morby?utm_source=56832&utm_medium=partner	Kevin Morby	Rock	Pop	https://s1.ticketm.net/dam/a/0cd/8e555dfb-a67f-4b18-a679-9b9db943f0cd_817551_TABLET_LANDSCAPE_16_9.jpg
29647	Shooter Jennings	http://www.songkick.com/artists/29647-shooter-jennings?utm_source=56832&utm_medium=partner	Shooter Jennings	Country	Country	https://s1.ticketm.net/dam/a/69d/a0803437-6c8b-4064-b9cf-cd10d742769d_276901_TABLET_LANDSCAPE_16_9.jpg
158645	Duff McKagan	http://www.songkick.com/artists/158645-duff-mckagan?utm_source=56832&utm_medium=partner	Duff McKagan	Rock	Rock	https://s1.ticketm.net/dam/a/c7d/dbbf62d0-6494-43b5-910a-84b3b72d8c7d_977331_TABLET_LANDSCAPE_16_9.jpg
8757029	Rolling Blackouts Coastal Fever	http://www.songkick.com/artists/8757029-rolling-blackouts-coastal-fever?utm_source=56832&utm_medium=partner	Rolling Blackouts Coastal Fever	Alternative	Alternative Rock	https://s1.ticketm.net/dam/a/50e/aaba0533-1db0-476a-a6e9-33fac1a0d50e_726621_TABLET_LANDSCAPE_16_9.jpg
8061398	Frenship	http://www.songkick.com/artists/8061398-frenship?utm_source=56832&utm_medium=partner	FRENSHIP	Pop	Dance	https://s1.ticketm.net/dam/a/b96/5d03185c-c871-48fd-b59a-8a321f4cbb96_982671_TABLET_LANDSCAPE_16_9.jpg
3824601	Glades	http://www.songkick.com/artists/3824601-glades?utm_source=56832&utm_medium=partner	Glades	Pop	Pop	https://s1.ticketm.net/dam/c/4f2/0109888a-61b5-4525-8432-b026ef04f4f2_105631_TABLET_LANDSCAPE_16_9.jpg
8061398	Frenship	http://www.songkick.com/artists/8061398-frenship?utm_source=56832&utm_medium=partner	FRENSHIP	Pop	Dance	https://s1.ticketm.net/dam/a/b96/5d03185c-c871-48fd-b59a-8a321f4cbb96_982671_TABLET_LANDSCAPE_16_9.jpg
4082656	Bear's Den	http://www.songkick.com/artists/4082656-bears-den?utm_source=56832&utm_medium=partner	Bear's Den	Rock	Pop	https://s1.ticketm.net/dam/a/a31/99483956-2d31-4829-89b0-357e8da87a31_959881_TABLET_LANDSCAPE_16_9.jpg
3753416	Nitty Scott, MC	http://www.songkick.com/artists/3753416-nitty-scott-mc?utm_source=56832&utm_medium=partner	Nitty Scott, MC	Hip-Hop/Rap	Urban	https://s1.ticketm.net/dam/c/80b/f3cd8d24-c3ae-4fa0-b4bc-1ba99f9b380b_106091_TABLET_LANDSCAPE_16_9.jpg
8861584	Jamila Woods	http://www.songkick.com/artists/8861584-jamila-woods?utm_source=56832&utm_medium=partner	Jamila Woods	Classical	Classical/Vocal	https://s1.ticketm.net/dam/a/e1c/a94abfcb-f2d1-4fb2-ba8b-4ca072c33e1c_990831_TABLET_LANDSCAPE_16_9.jpg
8828239	Middle Kids	http://www.songkick.com/artists/8828239-middle-kids?utm_source=56832&utm_medium=partner	Middle Kids	Rock	Indie Rock	https://s1.ticketm.net/dam/a/b72/3f804f5b-4e58-4b7f-8186-0a1759faeb72_700001_TABLET_LANDSCAPE_16_9.jpg
2350755	Local Natives	http://www.songkick.com/artists/2350755-local-natives?utm_source=56832&utm_medium=partner	Local Natives	Rock	Pop	https://s1.ticketm.net/dam/a/625/b3692ecf-9a3b-480c-8147-a57eef5b7625_969011_TABLET_LANDSCAPE_16_9.jpg
8828239	Middle Kids	http://www.songkick.com/artists/8828239-middle-kids?utm_source=56832&utm_medium=partner	Middle Kids	Rock	Indie Rock	https://s1.ticketm.net/dam/a/b72/3f804f5b-4e58-4b7f-8186-0a1759faeb72_700001_TABLET_LANDSCAPE_16_9.jpg
2350755	Local Natives	http://www.songkick.com/artists/2350755-local-natives?utm_source=56832&utm_medium=partner	Local Natives	Rock	Pop	https://s1.ticketm.net/dam/a/625/b3692ecf-9a3b-480c-8147-a57eef5b7625_969011_TABLET_LANDSCAPE_16_9.jpg
5952984	Holly Herndon	http://www.songkick.com/artists/5952984-holly-herndon?utm_source=56832&utm_medium=partner	Holly Herndon	Dance/Electronic	Club Dance	https://s1.ticketm.net/dam/c/df8/81eadad8-4449-412e-a2b1-3d8bbb78edf8_106181_TABLET_LANDSCAPE_16_9.jpg
457813	John Vanderslice	http://www.songkick.com/artists/457813-john-vanderslice?utm_source=56832&utm_medium=partner	John Vanderslice	Rock	Pop	https://s1.ticketm.net/dam/c/fbc/b293c0ad-c904-4215-bc59-8d7f2414dfbc_106141_TABLET_LANDSCAPE_16_9.jpg
19877	Pedro the Lion	http://www.songkick.com/artists/19877-pedro-the-lion?utm_source=56832&utm_medium=partner	Pedro the Lion	Rock	Alternative Rock	https://s1.ticketm.net/dam/a/f4b/27128bd3-8885-4c1e-aa53-d57b2e7a0f4b_939541_TABLET_LANDSCAPE_16_9.jpg
3255406	Shana Cleveland	http://www.songkick.com/artists/3255406-shana-cleveland?utm_source=56832&utm_medium=partner	Shana Cleveland & the Sandcastles	Rock	Pop	https://s1.ticketm.net/dam/c/fbc/b293c0ad-c904-4215-bc59-8d7f2414dfbc_106141_TABLET_LANDSCAPE_16_9.jpg
488253	The Mountain Goats	http://www.songkick.com/artists/488253-mountain-goats?utm_source=56832&utm_medium=partner	The Mountain Goats	Rock	Alternative Rock	https://s1.ticketm.net/dam/a/7e3/59196cfe-4179-4ab4-bda0-474f580607e3_959831_TABLET_LANDSCAPE_16_9.jpg
3255406	Shana Cleveland	http://www.songkick.com/artists/3255406-shana-cleveland?utm_source=56832&utm_medium=partner	Shana Cleveland & the Sandcastles	Rock	Pop	https://s1.ticketm.net/dam/c/fbc/b293c0ad-c904-4215-bc59-8d7f2414dfbc_106141_TABLET_LANDSCAPE_16_9.jpg
488253	The Mountain Goats	http://www.songkick.com/artists/488253-mountain-goats?utm_source=56832&utm_medium=partner	The Mountain Goats	Rock	Alternative Rock	https://s1.ticketm.net/dam/a/7e3/59196cfe-4179-4ab4-bda0-474f580607e3_959831_TABLET_LANDSCAPE_16_9.jpg
110160	Tim Hecker	http://www.songkick.com/artists/110160-tim-hecker?utm_source=56832&utm_medium=partner	Tim Hecker	Rock	Alternative Rock	https://s1.ticketm.net/dam/a/841/7d513fbe-db0f-41c3-8a8b-e5806426b841_291201_TABLET_LANDSCAPE_16_9.jpg
281100	Tommy Stinson	http://www.songkick.com/artists/281100-tommy-stinson?utm_source=56832&utm_medium=partner	Tommy Stinson	Rock	Alternative Rock	https://s1.ticketm.net/dam/c/fbc/b293c0ad-c904-4215-bc59-8d7f2414dfbc_106141_TABLET_LANDSCAPE_16_9.jpg
5112708	Gost	http://www.songkick.com/artists/5112708-gost?utm_source=56832&utm_medium=partner	Gost	Dance/Electronic	Electronica Mainstream	https://s1.ticketm.net/dam/a/9ea/9c21f946-47d9-45e4-84bb-1f9e2b83d9ea_677631_TABLET_LANDSCAPE_16_9.jpg
8421923	Perturbator	http://www.songkick.com/artists/8421923-perturbator?utm_source=56832&utm_medium=partner	Perturbator	Dance/Electronic	Electro-Techno	https://s1.ticketm.net/dam/a/f65/b9ab2be4-39e2-41d8-9494-9995d4aa7f65_811551_TABLET_LANDSCAPE_16_9.jpg
1988192	Courtney Marie Andrews	http://www.songkick.com/artists/1988192-courtney-marie-andrews?utm_source=56832&utm_medium=partner	Courtney Marie Andrews	Folk	Folk	https://s1.ticketm.net/dam/a/26e/50ded59e-51b1-4e53-9778-51b856cef26e_769461_TABLET_LANDSCAPE_16_9.jpg
591654	Deer Tick	http://www.songkick.com/artists/591654-deer-tick?utm_source=56832&utm_medium=partner	Deer Tick	Folk	Folk	https://s1.ticketm.net/dam/a/675/6a959a5a-9741-4dba-bda3-7d0dfeef2675_929761_TABLET_LANDSCAPE_16_9.jpg
44666	IAMX	http://www.songkick.com/artists/44666-iamx?utm_source=56832&utm_medium=partner	IAMX	Dance/Electronic	Dance/Electronic	https://s1.ticketm.net/dam/a/9ad/981ebcf2-3294-4bab-8f69-561faa94c9ad_975011_TABLET_LANDSCAPE_16_9.jpg
384618	Crumb	http://www.songkick.com/artists/384618-crumb?utm_source=56832&utm_medium=partner	Crumb	Undefined	Undefined	https://s1.ticketm.net/dam/a/05f/be136c80-9c1a-4404-aa6e-9d8b5728605f_940381_TABLET_LANDSCAPE_16_9.jpg
4582588	Tom Odell	http://www.songkick.com/artists/4582588-tom-odell?utm_source=56832&utm_medium=partner	Tom Odell	Rock	Pop	https://s1.ticketm.net/dam/a/1f5/188209de-db1c-4361-af00-a19c589be1f5_862061_TABLET_LANDSCAPE_16_9.jpg
6048659	Ian Noe	http://www.songkick.com/artists/6048659-ian-noe?utm_source=56832&utm_medium=partner	Ian Noe	Rock	Pop	https://s1.ticketm.net/dam/c/fbc/b293c0ad-c904-4215-bc59-8d7f2414dfbc_106141_TABLET_LANDSCAPE_16_9.jpg
235644	Son Volt	http://www.songkick.com/artists/235644-son-volt?utm_source=56832&utm_medium=partner	Son Volt	Rock	Alternative Rock	https://s1.ticketm.net/dam/a/492/5a194719-8c2a-4d7c-a238-efa4b0ef1492_230251_TABLET_LANDSCAPE_16_9.jpg
8747989	The Claypool Lennon Delirium	http://www.songkick.com/artists/8747989-claypool-lennon-delirium?utm_source=56832&utm_medium=partner	The Claypool Lennon Delirium	Rock	Pop	https://s1.ticketm.net/dam/a/bd5/8c0a4448-4626-4706-9ee4-85a112e90bd5_923781_TABLET_LANDSCAPE_16_9.jpg
96609	Eels	http://www.songkick.com/artists/96609-eels?utm_source=56832&utm_medium=partner	Eels	Rock	Alternative Rock	https://s1.ticketm.net/dam/a/1fe/d65220e3-44e3-4cb9-88e3-d78b8d6cd1fe_1008841_TABLET_LANDSCAPE_16_9.jpg
8598744	Slow Mass	http://www.songkick.com/artists/8598744-slow-mass?utm_source=56832&utm_medium=partner	Slow Mass	Rock	Rock	https://s1.ticketm.net/dam/c/fbc/b293c0ad-c904-4215-bc59-8d7f2414dfbc_106141_TABLET_LANDSCAPE_16_9.jpg
6590694	Gouge Away	http://www.songkick.com/artists/6590694-gouge-away?utm_source=56832&utm_medium=partner	Gouge Away	Rock	Punk	https://s1.ticketm.net/dam/c/fbc/b293c0ad-c904-4215-bc59-8d7f2414dfbc_106141_TABLET_LANDSCAPE_16_9.jpg
1171574	La Dispute	http://www.songkick.com/artists/1171574-la-dispute?utm_source=56832&utm_medium=partner	La Dispute	Rock	Pop	https://s1.ticketm.net/dam/a/232/a4f1ce79-b721-44bf-b6a9-07d318fbd232_964761_TABLET_LANDSCAPE_16_9.jpg
3538981	Divinity Roxx	http://www.songkick.com/artists/3538981-divinity-roxx?utm_source=56832&utm_medium=partner	Divinity Roxx	Rock	Pop	https://s1.ticketm.net/dam/a/cf5/da985b97-8132-4beb-8325-4e9a34980cf5_837281_TABLET_LANDSCAPE_16_9.jpg
7678419	Daddy Issues	http://www.songkick.com/artists/7678419-daddy-issues?utm_source=56832&utm_medium=partner	Daddy Issues	Rock	Pop	https://s1.ticketm.net/dam/a/bd2/78e910d9-01f5-4290-af5c-44cecdbfdbd2_647811_TABLET_LANDSCAPE_16_9.jpg
3868521	Now, Now	http://www.songkick.com/artists/3868521-now-now?utm_source=56832&utm_medium=partner	Now, Now	Rock	Pop	https://s1.ticketm.net/dam/a/ff1/088dc068-9457-4992-a4a7-414514047ff1_669401_TABLET_LANDSCAPE_16_9.jpg
5674554	Foxing	http://www.songkick.com/artists/5674554-foxing?utm_source=56832&utm_medium=partner	Foxing	Rock	Pop	https://s1.ticketm.net/dam/a/e82/18881277-843b-4464-b6ef-d8e20927ee82_624361_TABLET_LANDSCAPE_16_9.jpg
9682489	Neal Francis	http://www.songkick.com/artists/9682489-neal-francis?utm_source=56832&utm_medium=partner	Neal Francis	Rock	Rock	https://s1.ticketm.net/dam/c/fbc/b293c0ad-c904-4215-bc59-8d7f2414dfbc_106141_TABLET_LANDSCAPE_16_9.jpg
2435006	Lee Fields & The Expressions	http://www.songkick.com/artists/2435006-lee-fields-and-the-expressions?utm_source=56832&utm_medium=partner	Lee Fields & the Expressions	R&B	Soul	https://s1.ticketm.net/dam/a/971/a5545af9-19bd-49e1-be5f-2be87e908971_963411_TABLET_LANDSCAPE_16_9.jpg
5791384	Divino Niño	http://www.songkick.com/artists/5791384-divino-nino?utm_source=56832&utm_medium=partner	Divino Nino	R&B	Soul	https://s1.ticketm.net/dam/c/48b/2352e3b5-8496-496b-97a3-e605177e848b_105851_TABLET_LANDSCAPE_16_9.jpg
8098113	Durand Jones and the Indications	http://www.songkick.com/artists/8098113-durand-jones-and-the-indications?utm_source=56832&utm_medium=partner	Durand Jones & the Indications	R&B	Soul	https://s1.ticketm.net/dam/a/f93/68cec88a-f554-4b44-9540-4cf027881f93_909731_TABLET_LANDSCAPE_16_9.jpg
9854309	Moaning	http://www.songkick.com/artists/9854309-moaning?utm_source=56832&utm_medium=partner	Moaning	Alternative	Alternative	https://s1.ticketm.net/dam/c/797/5e693c26-2881-4776-8f0c-3aa94bfa3797_106511_TABLET_LANDSCAPE_16_9.jpg
7433969	Ex Hex	http://www.songkick.com/artists/7433969-ex-hex?utm_source=56832&utm_medium=partner	Ex Hex	Rock	Alternative Rock	https://s1.ticketm.net/dam/c/fbc/b293c0ad-c904-4215-bc59-8d7f2414dfbc_106141_TABLET_LANDSCAPE_16_9.jpg
9859379	MARINA	http://www.songkick.com/artists/9859379-marina?utm_source=56832&utm_medium=partner	MARINA	Rock	Pop	https://s1.ticketm.net/dam/a/aef/fce3c633-2394-4d0f-b1c4-e40e15d44aef_970461_TABLET_LANDSCAPE_16_9.jpg
4137561	King Gizzard & The Lizard Wizard	http://www.songkick.com/artists/4137561-king-gizzard-and-the-lizard-wizard?utm_source=56832&utm_medium=partner	King Gizzard and the Lizard Wizard	Rock	Alternative Rock	https://s1.ticketm.net/dam/a/b2f/12896509-1fdd-4cd3-9701-82ef11538b2f_1012091_TABLET_LANDSCAPE_16_9.jpg
9293974	Bad Wolves	http://www.songkick.com/artists/9293974-bad-wolves?utm_source=56832&utm_medium=partner	Bad Wolves	Metal	Metal	https://s1.ticketm.net/dam/a/66d/f1768488-4a87-4fb4-873f-7b152165766d_683331_TABLET_LANDSCAPE_16_9.jpg
1964884	Asking Alexandria	http://www.songkick.com/artists/1964884-asking-alexandria?utm_source=56832&utm_medium=partner	Asking Alexandria	Rock	Pop	https://s1.ticketm.net/dam/a/834/d69b20d8-8a95-4386-849c-8ac248ef4834_514931_TABLET_LANDSCAPE_16_9.jpg
444406	Papa Roach	http://www.songkick.com/artists/444406-papa-roach?utm_source=56832&utm_medium=partner	Papa Roach	Rock	Alternative Rock	https://s1.ticketm.net/dam/a/38d/0d0f7792-7f0e-4f01-9d34-72cf1dfa438d_923571_TABLET_LANDSCAPE_16_9.jpg
579126	Trash Talk	http://www.songkick.com/artists/579126-trash-talk?utm_source=56832&utm_medium=partner	Trash Talk	Metal	Heavy Metal	https://s1.ticketm.net/dam/a/cf2/d7e4ef14-14b0-4ab5-9a51-f60ff7804cf2_249471_TABLET_LANDSCAPE_16_9.jpg
8686719	Night Lovell	http://www.songkick.com/artists/8686719-night-lovell?utm_source=56832&utm_medium=partner	Night Lovell	Hip-Hop/Rap	Hip-Hop/Rap	https://s1.ticketm.net/dam/a/6eb/50afdfe7-8307-48c8-9efa-8b0bdd57f6eb_704581_TABLET_LANDSCAPE_16_9.jpg
68637	Germ	http://www.songkick.com/artists/68637-germ?utm_source=56832&utm_medium=partner	Germ	Hip-Hop/Rap	Hip-Hop/Rap	https://s1.ticketm.net/dam/c/80b/f3cd8d24-c3ae-4fa0-b4bc-1ba99f9b380b_106091_TABLET_LANDSCAPE_16_9.jpg
9943319	City Morgue	http://www.songkick.com/artists/9943319-city-morgue?utm_source=56832&utm_medium=partner	City Morgue	Hip-Hop/Rap	Hip-Hop/Rap	https://s1.ticketm.net/dam/c/80b/f3cd8d24-c3ae-4fa0-b4bc-1ba99f9b380b_106091_TABLET_LANDSCAPE_16_9.jpg
9354749	SHORELINE MAFIA	http://www.songkick.com/artists/9354749-shoreline-mafia?utm_source=56832&utm_medium=partner	Shoreline Mafia	Hip-Hop/Rap	Hip-Hop/Rap	https://s1.ticketm.net/dam/a/255/bbbf5f13-d2ad-4589-8d38-4a93ed923255_765971_TABLET_LANDSCAPE_16_9.jpg
8647264	$UICIDEBOY$	http://www.songkick.com/artists/8647264-suicideboys?utm_source=56832&utm_medium=partner	$UICIDEBOY$	Hip-Hop/Rap	Hip-Hop/Rap	https://s1.ticketm.net/dam/a/fc2/42dfd4b5-31c8-4b26-b817-54f38fb2efc2_1015941_TABLET_LANDSCAPE_16_9.jpg
3098006	DJ Hector Fonseca	http://www.songkick.com/artists/3098006-dj-hector-fonseca?utm_source=56832&utm_medium=partner	DJ Hector Fonseca	Dance/Electronic	Club Dance	https://s1.ticketm.net/dam/c/df8/81eadad8-4449-412e-a2b1-3d8bbb78edf8_106181_TABLET_LANDSCAPE_16_9.jpg
46950	Rosabel	http://www.songkick.com/artists/46950-rosabel?utm_source=56832&utm_medium=partner	Rosabel	Dance/Electronic	Club Dance	https://s1.ticketm.net/dam/c/df8/81eadad8-4449-412e-a2b1-3d8bbb78edf8_106181_TABLET_LANDSCAPE_16_9.jpg
3306696	Dear Boy	http://www.songkick.com/artists/3306696-dear-boy?utm_source=56832&utm_medium=partner	Dear Boy	Rock	Alternative Rock	https://s1.ticketm.net/dam/a/eaf/c7a8ab41-683d-442f-92ab-2343eef1ceaf_1014031_TABLET_LANDSCAPE_16_9.jpg
315340	The Psychedelic Furs	http://www.songkick.com/artists/315340-psychedelic-furs?utm_source=56832&utm_medium=partner	The Psychedelic Furs	Rock	Alternative Rock	https://s1.ticketm.net/dam/a/cf5/6a2b2059-6c00-4fb6-a6ba-140e5f8a7cf5_818781_TABLET_LANDSCAPE_16_9.jpg
272323	James	http://www.songkick.com/artists/272323-james?utm_source=56832&utm_medium=partner	James	Rock	Pop	https://s1.ticketm.net/dam/a/807/64e86e74-a603-449b-a780-df0acb11a807_1013041_TABLET_LANDSCAPE_16_9.jpg
210930	Elohim	http://www.songkick.com/artists/210930-elohim?utm_source=56832&utm_medium=partner	Elohim	Dance/Electronic	Dance/Electronic	https://s1.ticketm.net/dam/c/df8/81eadad8-4449-412e-a2b1-3d8bbb78edf8_106181_TABLET_LANDSCAPE_16_9.jpg
4193346	Blackbear	http://www.songkick.com/artists/4193346-blackbear?utm_source=56832&utm_medium=partner	Blackbear	Hip-Hop/Rap	Urban	https://s1.ticketm.net/dam/a/789/634b8dc8-7e9b-4c0f-8c2c-c9fa752b5789_1012981_TABLET_LANDSCAPE_16_9.jpg
6630384	Machine Gun Kelly	http://www.songkick.com/artists/6630384-machine-gun-kelly?utm_source=56832&utm_medium=partner	Machine Gun Kelly	Hip-Hop/Rap	Urban	https://s1.ticketm.net/dam/a/8b1/35c29643-d6a9-43a5-866e-e39b991e68b1_1017371_TABLET_LANDSCAPE_16_9.jpg
6890294	Denzel Curry	http://www.songkick.com/artists/6890294-denzel-curry?utm_source=56832&utm_medium=partner	Denzel Curry	Hip-Hop/Rap	Urban	https://s1.ticketm.net/dam/a/b2d/88ed95f9-96e1-4d1a-95bc-7a99eb141b2d_757911_TABLET_LANDSCAPE_16_9.jpg
8913479	Billie Eilish	http://www.songkick.com/artists/8913479-billie-eilish?utm_source=56832&utm_medium=partner	Billie Eilish	Pop	Indie Pop	https://s1.ticketm.net/dam/a/adf/1e2df2bc-1e97-4df3-bfe0-2f1e4e2cbadf_964791_TABLET_LANDSCAPE_16_9.jpg
6890294	Denzel Curry	http://www.songkick.com/artists/6890294-denzel-curry?utm_source=56832&utm_medium=partner	Denzel Curry	Hip-Hop/Rap	Urban	https://s1.ticketm.net/dam/a/b2d/88ed95f9-96e1-4d1a-95bc-7a99eb141b2d_757911_TABLET_LANDSCAPE_16_9.jpg
8913479	Billie Eilish	http://www.songkick.com/artists/8913479-billie-eilish?utm_source=56832&utm_medium=partner	Billie Eilish	Pop	Indie Pop	https://s1.ticketm.net/dam/a/adf/1e2df2bc-1e97-4df3-bfe0-2f1e4e2cbadf_964791_TABLET_LANDSCAPE_16_9.jpg
5112043	Reignwolf	http://www.songkick.com/artists/5112043-reignwolf?utm_source=56832&utm_medium=partner	Reignwolf	Rock	Alternative Rock	https://s1.ticketm.net/dam/a/bc7/4f24feb4-bcb0-412c-8937-31f618708bc7_765921_TABLET_LANDSCAPE_16_9.jpg
53745	The Soul Rebels	http://www.songkick.com/artists/53745-soul-rebels?utm_source=56832&utm_medium=partner	The Soul Rebels	Rock	Pop	https://s1.ticketm.net/dam/c/fbc/b293c0ad-c904-4215-bc59-8d7f2414dfbc_106141_TABLET_LANDSCAPE_16_9.jpg
283704	Wu-Tang Clan	http://www.songkick.com/artists/283704-wutang-clan?utm_source=56832&utm_medium=partner	Wu-Tang Clan	Hip-Hop/Rap	Urban	https://s1.ticketm.net/dam/a/0b5/ffc3e351-ef30-4fc0-b1f5-57cb30d3e0b5_984281_TABLET_LANDSCAPE_16_9.jpg
9088669	Miss Velvet and The Blue Wolf	http://www.songkick.com/artists/9088669-miss-velvet-and-the-blue-wolf?utm_source=56832&utm_medium=partner	Miss Velvet and the Blue Wolf	R&B	Funk	https://s1.ticketm.net/dam/c/48b/2352e3b5-8496-496b-97a3-e605177e848b_105851_TABLET_LANDSCAPE_16_9.jpg
512389	Fishbone	http://www.songkick.com/artists/512389-fishbone?utm_source=56832&utm_medium=partner	Fishbone	Rock	Alternative Rock	https://s1.ticketm.net/dam/a/95f/ba552671-a872-4dd4-95ef-feb4219c095f_808721_TABLET_LANDSCAPE_16_9.jpg
164225	Galactic	http://www.songkick.com/artists/164225-galactic?utm_source=56832&utm_medium=partner	Galactic	Rock	Pop	https://s1.ticketm.net/dam/a/8ff/4b59b27d-e714-4700-958b-8618692978ff_4601_TABLET_LANDSCAPE_16_9.jpg
4444353	Parliament-Funkadelic	http://www.songkick.com/artists/4444353-parliamentfunkadelic?utm_source=56832&utm_medium=partner	Parliament Funkadelic	Hip-Hop/Rap	Urban	https://s1.ticketm.net/dam/a/f8e/548b718d-d476-483a-a08f-57b9635b6f8e_953781_TABLET_LANDSCAPE_16_9.jpg
350400	George Clinton	http://www.songkick.com/artists/350400-george-clinton?utm_source=56832&utm_medium=partner	George Clinton	R&B	Funk	https://s1.ticketm.net/dam/a/1ac/e77e9ff8-d558-4ebf-9edd-5ba7b1dda1ac_953771_TABLET_LANDSCAPE_16_9.jpg
8756744	Ski Mask The Slump God	http://www.songkick.com/artists/8756744-ski-mask-the-slump-god?utm_source=56832&utm_medium=partner	Ski Mask The Slump God	Hip-Hop/Rap	Hip-Hop/Rap	https://s1.ticketm.net/dam/c/80b/f3cd8d24-c3ae-4fa0-b4bc-1ba99f9b380b_106091_TABLET_LANDSCAPE_16_9.jpg
9550809	Juice WRLD	http://www.songkick.com/artists/9550809-juice-wrld?utm_source=56832&utm_medium=partner	Juice WRLD	Hip-Hop/Rap	Hip-Hop/Rap	https://s1.ticketm.net/dam/a/177/dacdb75e-6e8d-4899-b72a-c373d2d74177_977291_TABLET_LANDSCAPE_16_9.jpg
7338694	Kali Uchis	http://www.songkick.com/artists/7338694-kali-uchis?utm_source=56832&utm_medium=partner	Kali Uchis	Rock	Pop	https://s1.ticketm.net/dam/a/5ed/c232813c-4050-4fe9-83f0-0b00bb3045ed_741911_TABLET_LANDSCAPE_16_9.jpg
8715239	Jorja Smith	http://www.songkick.com/artists/8715239-jorja-smith?utm_source=56832&utm_medium=partner	Jorja Smith	R&B	Soul	https://s1.ticketm.net/dam/a/e35/82fb1218-23dc-4245-b141-981a3bb77e35_758801_TABLET_LANDSCAPE_16_9.jpg
8878574	Slushii	http://www.songkick.com/artists/8878574-slushii?utm_source=56832&utm_medium=partner	Slushii	Dance/Electronic	Dance/Electronic	https://s1.ticketm.net/dam/a/985/bca4e27d-908d-417f-93c0-618ac567f985_961961_TABLET_LANDSCAPE_16_9.jpg
9203529	Blanke	http://www.songkick.com/artists/9203529-blanke?utm_source=56832&utm_medium=partner	Blanke	Dance/Electronic	Dance/Electronic	https://s1.ticketm.net/dam/c/df8/81eadad8-4449-412e-a2b1-3d8bbb78edf8_106181_TABLET_LANDSCAPE_16_9.jpg
8955654	Sullivan King	http://www.songkick.com/artists/8955654-sullivan-king?utm_source=56832&utm_medium=partner	Sullivan King	Dance/Electronic	Dance/Electronic	https://s1.ticketm.net/dam/c/df8/81eadad8-4449-412e-a2b1-3d8bbb78edf8_106181_TABLET_LANDSCAPE_16_9.jpg
4213166	Dirt Monkey	http://www.songkick.com/artists/4213166-dirt-monkey?utm_source=56832&utm_medium=partner	Dirt Monkey	Dance/Electronic	Club Dance	https://s1.ticketm.net/dam/c/df8/81eadad8-4449-412e-a2b1-3d8bbb78edf8_106181_TABLET_LANDSCAPE_16_9.jpg
6846614	IN-ZO	http://www.songkick.com/artists/6846614-inzo?utm_source=56832&utm_medium=partner	INZO	Dance/Electronic	Dance/Electronic	https://s1.ticketm.net/dam/c/df8/81eadad8-4449-412e-a2b1-3d8bbb78edf8_106181_TABLET_LANDSCAPE_16_9.jpg
9521434	TYNAN	http://www.songkick.com/artists/9521434-tynan?utm_source=56832&utm_medium=partner	Tynan	Dance/Electronic	Dance/Electronic	https://s1.ticketm.net/dam/c/df8/81eadad8-4449-412e-a2b1-3d8bbb78edf8_106181_TABLET_LANDSCAPE_16_9.jpg
7659054	RIOT TEN	http://www.songkick.com/artists/7659054-riot-ten?utm_source=56832&utm_medium=partner	Riot Ten	Dance/Electronic	Dance/Electronic	https://s1.ticketm.net/dam/a/6b2/b2568e7f-6120-4fca-be70-032e996e56b2_919451_TABLET_LANDSCAPE_16_9.jpg
623623	Adventure Club	http://www.songkick.com/artists/623623-adventure-club?utm_source=56832&utm_medium=partner	Adventure Club	Dance/Electronic	Club Dance	https://s1.ticketm.net/dam/a/c25/4d5f38ca-ad2d-48e7-ab2b-918df5f15c25_930591_TABLET_LANDSCAPE_16_9.jpg
6257959	Cherry Glazerr	http://www.songkick.com/artists/6257959-cherry-glazerr?utm_source=56832&utm_medium=partner	Cherry Glazerr	Rock	Alternative Rock	https://s1.ticketm.net/dam/a/ba4/ca18b903-a03e-4789-a472-ce060d6f6ba4_771591_TABLET_LANDSCAPE_16_9.jpg
5933069	CHVRCHES	http://www.songkick.com/artists/5933069-chvrches?utm_source=56832&utm_medium=partner	CHVRCHES	Rock	Pop	https://s1.ticketm.net/dam/a/03a/225b40b9-9712-42c5-b0cd-2b967d6c203a_958231_TABLET_LANDSCAPE_16_9.jpg
8541944	EASTGHOST	http://www.songkick.com/artists/8541944-eastghost?utm_source=56832&utm_medium=partner	Eastghost	Dance/Electronic	Dance/Electronic	https://s1.ticketm.net/dam/c/df8/81eadad8-4449-412e-a2b1-3d8bbb78edf8_106181_TABLET_LANDSCAPE_16_9.jpg
9327864	Taska Black	http://www.songkick.com/artists/9327864-taska-black?utm_source=56832&utm_medium=partner	Taska Black	Dance/Electronic	Dance/Electronic	https://s1.ticketm.net/dam/c/df8/81eadad8-4449-412e-a2b1-3d8bbb78edf8_106181_TABLET_LANDSCAPE_16_9.jpg
8954984	Medasin	http://www.songkick.com/artists/8954984-medasin?utm_source=56832&utm_medium=partner	Medasin	Dance/Electronic	Dance/Electronic	https://s1.ticketm.net/dam/c/df8/81eadad8-4449-412e-a2b1-3d8bbb78edf8_106181_TABLET_LANDSCAPE_16_9.jpg
8397038	San Holo	http://www.songkick.com/artists/8397038-san-holo?utm_source=56832&utm_medium=partner	San Holo	Dance/Electronic	Dance/Electronic	https://s1.ticketm.net/dam/a/daf/c8c16178-5988-40ce-aeb2-d555067cfdaf_913271_TABLET_LANDSCAPE_16_9.jpg
1102494	The Mystery Lights	http://www.songkick.com/artists/1102494-mystery-lights?utm_source=56832&utm_medium=partner	The Mystery Lights	Rock	Pop	https://s1.ticketm.net/dam/c/fbc/b293c0ad-c904-4215-bc59-8d7f2414dfbc_106141_TABLET_LANDSCAPE_16_9.jpg
542102	Earth	http://www.songkick.com/artists/542102-earth?utm_source=56832&utm_medium=partner	Earth, Wind & Fire	R&B	R&B	https://s1.ticketm.net/dam/a/aaa/25ddb103-d068-4344-89be-55dcfe2adaaa_641921_TABLET_LANDSCAPE_16_9.jpg
591852	Helms Alee	http://www.songkick.com/artists/591852-helms-alee?utm_source=56832&utm_medium=partner	Helms Alee	Rock	Alternative Rock	https://s1.ticketm.net/dam/a/34a/af8a88a8-e7dc-4ec4-bedd-0e64a882f34a_790881_TABLET_LANDSCAPE_16_9.jpg
9337174	Lithics	http://www.songkick.com/artists/9337174-lithics?utm_source=56832&utm_medium=partner	Lithics	Alternative	Alternative	https://s1.ticketm.net/dam/c/797/5e693c26-2881-4776-8f0c-3aa94bfa3797_106511_TABLET_LANDSCAPE_16_9.jpg
2391689	Mini Mansions	http://www.songkick.com/artists/2391689-mini-mansions?utm_source=56832&utm_medium=partner	Mini Mansions	Rock	Pop	https://s1.ticketm.net/dam/a/7e2/6b518f83-39ec-4c94-b153-c6754a14b7e2_803581_TABLET_LANDSCAPE_16_9.jpg
283696	Babe Rainbow	http://www.songkick.com/artists/283696-babe-rainbow?utm_source=56832&utm_medium=partner	The Babe Rainbow (OZ)	Folk	Folk Rock	https://s1.ticketm.net/dam/a/741/24611da2-3047-4f79-8479-3770255e0741_457851_TABLET_LANDSCAPE_16_9.jpg
9340289	Choir Boy	http://www.songkick.com/artists/9340289-choir-boy?utm_source=56832&utm_medium=partner	Choir Boy	Rock	Pop	https://s1.ticketm.net/dam/c/fbc/b293c0ad-c904-4215-bc59-8d7f2414dfbc_106141_TABLET_LANDSCAPE_16_9.jpg
2858981	Lifes	http://www.songkick.com/artists/2858981-lifes?utm_source=56832&utm_medium=partner	Life of Agony	Metal	Heavy Metal	https://s1.ticketm.net/dam/a/4a9/64bb621c-0c29-4a8f-8e1d-58cd979384a9_694511_TABLET_LANDSCAPE_16_9.jpg
3391856	Teen Daze	http://www.songkick.com/artists/3391856-teen-daze?utm_source=56832&utm_medium=partner	Teen Daze	Rock	Pop	https://s1.ticketm.net/dam/a/663/a0533d7e-9dc2-47fe-9ad9-1591dfa51663_163171_TABLET_LANDSCAPE_16_9.jpg
2313983	U.S. Girls	http://www.songkick.com/artists/2313983-us-girls?utm_source=56832&utm_medium=partner	U.S. Girls	Rock	Pop	https://s1.ticketm.net/dam/a/c5a/eef48c6b-bb68-4696-8a20-10a8a2d87c5a_645461_TABLET_LANDSCAPE_16_9.jpg
4323081	Mikal Cronin	http://www.songkick.com/artists/4323081-mikal-cronin?utm_source=56832&utm_medium=partner	Mikal Cronin	Rock	Alternative Rock	https://s1.ticketm.net/dam/a/88d/d28d15a5-6c45-4a4c-af7f-667ece19688d_188641_TABLET_LANDSCAPE_16_9.jpg
432927	Mondo Generator	http://www.songkick.com/artists/432927-mondo-generator?utm_source=56832&utm_medium=partner	Mondo Generator	Rock	Alternative Rock	https://s1.ticketm.net/dam/a/44c/6f1ef498-f080-4750-9529-e2a8afdc244c_31511_TABLET_LANDSCAPE_16_9.jpg
522200	Church Of Misery	http://www.songkick.com/artists/522200-church-of-misery?utm_source=56832&utm_medium=partner	Church of Misery	Rock	Alternative Rock	https://s1.ticketm.net/dam/c/fbc/b293c0ad-c904-4215-bc59-8d7f2414dfbc_106141_TABLET_LANDSCAPE_16_9.jpg
4136031	Chasms	http://www.songkick.com/artists/4136031-chasms?utm_source=56832&utm_medium=partner	Chasms	Rock	Indie Rock	https://s1.ticketm.net/dam/c/fbc/b293c0ad-c904-4215-bc59-8d7f2414dfbc_106141_TABLET_LANDSCAPE_16_9.jpg
6739544	Forced Into Femininity	http://www.songkick.com/artists/6739544-forced-into-femininity?utm_source=56832&utm_medium=partner	Forced Into Femininity	Rock	Alternative Rock	https://s1.ticketm.net/dam/c/fbc/b293c0ad-c904-4215-bc59-8d7f2414dfbc_106141_TABLET_LANDSCAPE_16_9.jpg
5762024	Star Tropics	http://www.songkick.com/artists/5762024-star-tropics?utm_source=56832&utm_medium=partner	Startropics	Rock	Alternative Rock	https://s1.ticketm.net/dam/c/fbc/b293c0ad-c904-4215-bc59-8d7f2414dfbc_106141_TABLET_LANDSCAPE_16_9.jpg
2334698	Bloodiest	http://www.songkick.com/artists/2334698-bloodiest?utm_source=56832&utm_medium=partner	Bloodiest	Rock	Alternative Rock	https://s1.ticketm.net/dam/c/fbc/b293c0ad-c904-4215-bc59-8d7f2414dfbc_106141_TABLET_LANDSCAPE_16_9.jpg
370620	Indian	http://www.songkick.com/artists/370620-indian?utm_source=56832&utm_medium=partner	Indian Askin	Rock	Pop	https://s1.ticketm.net/dam/a/737/a8b93132-79ef-4fdc-b996-61bb6ae17737_212101_TABLET_LANDSCAPE_16_9.jpg
4033451	Radiant Devices	http://www.songkick.com/artists/4033451-radiant-devices?utm_source=56832&utm_medium=partner	Radiant Devices	Rock	Pop	https://s1.ticketm.net/dam/c/fbc/b293c0ad-c904-4215-bc59-8d7f2414dfbc_106141_TABLET_LANDSCAPE_16_9.jpg
489974	Ono	http://www.songkick.com/artists/489974-ono?utm_source=56832&utm_medium=partner	Lisa Ono	Jazz	Jazz	https://s1.ticketm.net/dam/a/e65/4fe85f10-400b-4959-b040-1fa846174e65_766371_TABLET_LANDSCAPE_16_9.jpg
85293	Xiu Xiu	http://www.songkick.com/artists/85293-xiu-xiu?utm_source=56832&utm_medium=partner	Xiu Xiu	Rock	Alternative Rock	https://s1.ticketm.net/dam/a/14b/580a1357-6e3a-40df-90d3-9d636885c14b_266331_TABLET_LANDSCAPE_16_9.jpg
8592174	Acid Dad	http://www.songkick.com/artists/8592174-acid-dad?utm_source=56832&utm_medium=partner	Acid Dad	Alternative	Alternative Rock	https://s1.ticketm.net/dam/c/797/5e693c26-2881-4776-8f0c-3aa94bfa3797_106511_TABLET_LANDSCAPE_16_9.jpg
328834	Wolf Eyes	http://www.songkick.com/artists/328834-wolf-eyes?utm_source=56832&utm_medium=partner	Wolf Eyes	Rock	Pop	https://s1.ticketm.net/dam/a/66e/ee467296-aeb0-4fdd-ba2f-260cb53b566e_443921_TABLET_LANDSCAPE_16_9.jpg
44546	Royal Trux	http://www.songkick.com/artists/44546-royal-trux?utm_source=56832&utm_medium=partner	Royal Trux	Rock	Rock	https://s1.ticketm.net/dam/a/593/139f22e9-2317-43b2-bf08-603e146b5593_1018021_TABLET_LANDSCAPE_16_9.jpg
4239436	Walker Lukens	http://www.songkick.com/artists/4239436-walker-lukens?utm_source=56832&utm_medium=partner	Walker Lukens	Rock	Alternative Rock	https://s1.ticketm.net/dam/c/fbc/b293c0ad-c904-4215-bc59-8d7f2414dfbc_106141_TABLET_LANDSCAPE_16_9.jpg
1097652	The Bright Light Social Hour	http://www.songkick.com/artists/1097652-bright-light-social-hour?utm_source=56832&utm_medium=partner	Bright Light Social Hour	Rock	Rock	https://s1.ticketm.net/dam/a/7e3/d0407d51-bf1b-4202-ab3e-f61a531a47e3_948191_TABLET_LANDSCAPE_16_9.jpg
8419843	Uniform	http://www.songkick.com/artists/8419843-uniform?utm_source=56832&utm_medium=partner	Charlie's Uniform	Rock	Pop	https://s1.ticketm.net/dam/c/fbc/b293c0ad-c904-4215-bc59-8d7f2414dfbc_106141_TABLET_LANDSCAPE_16_9.jpg
8935709	Wear Your Wounds	http://www.songkick.com/artists/8935709-wear-your-wounds?utm_source=56832&utm_medium=partner	Wear Your Wounds	Alternative	Alternative Rock	https://s1.ticketm.net/dam/c/797/5e693c26-2881-4776-8f0c-3aa94bfa3797_106511_TABLET_LANDSCAPE_16_9.jpg
348950	The Feels	http://www.songkick.com/artists/348950-feels?utm_source=56832&utm_medium=partner	Feel The K-pop	Pop	Korean K-Pop	https://s1.ticketm.net/dam/a/9c2/b146406b-c4ab-4b50-b4fe-15e048ba29c2_1012761_TABLET_LANDSCAPE_16_9.jpg
361910	Winter	http://www.songkick.com/artists/361910-winter?utm_source=56832&utm_medium=partner	Carter Winter	Rock	Alternative Rock	https://s1.ticketm.net/dam/a/15a/ac4af628-9cfe-4bfa-8105-f399325da15a_1001981_TABLET_LANDSCAPE_16_9.jpg
802296	The Poison Arrows	http://www.songkick.com/artists/802296-poison-arrows?utm_source=56832&utm_medium=partner	The Poison Arrows	Rock	Pop	https://s1.ticketm.net/dam/c/fbc/b293c0ad-c904-4215-bc59-8d7f2414dfbc_106141_TABLET_LANDSCAPE_16_9.jpg
8415148	Mint Field	http://www.songkick.com/artists/8415148-mint-field?utm_source=56832&utm_medium=partner	Mint Field	Pop	Pop	https://s1.ticketm.net/dam/c/4f2/0109888a-61b5-4525-8432-b026ef04f4f2_105631_TABLET_LANDSCAPE_16_9.jpg
207779	Film School	http://www.songkick.com/artists/207779-film-school?utm_source=56832&utm_medium=partner	Film School	Rock	Alternative Rock	https://s1.ticketm.net/dam/c/fbc/b293c0ad-c904-4215-bc59-8d7f2414dfbc_106141_TABLET_LANDSCAPE_16_9.jpg
9603544	McKinley Dixon	http://www.songkick.com/artists/9603544-mckinley-dixon?utm_source=56832&utm_medium=partner	McKinley Dixon	Other	Other	https://s1.ticketm.net/dam/c/060/c5c08e7a-9912-456c-a060-2758be94e060_105881_TABLET_LANDSCAPE_16_9.jpg
4913158	Oozing Wound	http://www.songkick.com/artists/4913158-oozing-wound?utm_source=56832&utm_medium=partner	Oozing Wound	Rock	Pop	https://s1.ticketm.net/dam/c/fbc/b293c0ad-c904-4215-bc59-8d7f2414dfbc_106141_TABLET_LANDSCAPE_16_9.jpg
9501014	Orville Peck	http://www.songkick.com/artists/9501014-orville-peck?utm_source=56832&utm_medium=partner	Orville Peck	Country	Alternative Country	https://s1.ticketm.net/dam/a/b65/c1bafef4-a6c2-49c5-a0f2-acfb3d848b65_774741_TABLET_LANDSCAPE_16_9.jpg
9049979	The Evictions	http://www.songkick.com/artists/9049979-evictions?utm_source=56832&utm_medium=partner	Eviction	Metal	Heavy Metal	https://s1.ticketm.net/dam/c/e7c/86478562-7218-4e8f-b9d4-8080fe168e7c_105581_TABLET_LANDSCAPE_16_9.jpg
8345228	Monolord	http://www.songkick.com/artists/8345228-monolord?utm_source=56832&utm_medium=partner	Monolord	Metal	Doom Metal	https://s1.ticketm.net/dam/c/e7c/86478562-7218-4e8f-b9d4-8080fe168e7c_105581_TABLET_LANDSCAPE_16_9.jpg
8390243	Pretty Vicious	http://www.songkick.com/artists/8390243-pretty-vicious?utm_source=56832&utm_medium=partner	Pretty Vicious	Rock	Pop	https://s1.ticketm.net/dam/a/236/2f4cfdb5-872f-4972-a1db-fef835d25236_712881_TABLET_LANDSCAPE_16_9.jpg
9049979	The Evictions	http://www.songkick.com/artists/9049979-evictions?utm_source=56832&utm_medium=partner	Eviction	Metal	Heavy Metal	https://s1.ticketm.net/dam/c/e7c/86478562-7218-4e8f-b9d4-8080fe168e7c_105581_TABLET_LANDSCAPE_16_9.jpg
2320922	Sam Amidon	http://www.songkick.com/artists/2320922-sam-amidon?utm_source=56832&utm_medium=partner	Sam Amidon	Folk	Folk	https://s1.ticketm.net/dam/a/a57/8bd9f5dc-2673-4731-af56-53263d438a57_386681_TABLET_LANDSCAPE_16_9.jpg
42670	Tokyo Police Club	http://www.songkick.com/artists/42670-tokyo-police-club?utm_source=56832&utm_medium=partner	Tokyo Police Club	Rock	Alternative Rock	https://s1.ticketm.net/dam/a/6c4/1a6b0f81-fa41-4993-b65d-add3c8d4d6c4_66621_TABLET_LANDSCAPE_16_9.jpg
4660288	Makaya Mccraven	http://www.songkick.com/artists/4660288-makaya-mccraven?utm_source=56832&utm_medium=partner	Makaya McCraven	Pop	Pop	https://s1.ticketm.net/dam/c/4f2/0109888a-61b5-4525-8432-b026ef04f4f2_105631_TABLET_LANDSCAPE_16_9.jpg
2501831	Anatomy of Habit	http://www.songkick.com/artists/2501831-anatomy-of-habit?utm_source=56832&utm_medium=partner	Anatomy of Habit	Rock	Alternative Rock	https://s1.ticketm.net/dam/c/fbc/b293c0ad-c904-4215-bc59-8d7f2414dfbc_106141_TABLET_LANDSCAPE_16_9.jpg
4625663	Dilly Dally	http://www.songkick.com/artists/4625663-dilly-dally?utm_source=56832&utm_medium=partner	Dilly Dally	Rock	Pop	https://s1.ticketm.net/dam/a/2c3/82077e5f-55e0-48a0-9dab-3d97425ee2c3_893661_TABLET_LANDSCAPE_16_9.jpg
676072	Chastity	http://www.songkick.com/artists/676072-chastity?utm_source=56832&utm_medium=partner	Chastity	Metal	Heavy Metal	https://s1.ticketm.net/dam/c/e7c/86478562-7218-4e8f-b9d4-8080fe168e7c_105581_TABLET_LANDSCAPE_16_9.jpg
682888	Ace da Vinci	http://www.songkick.com/artists/682888-ace-da-vinci?utm_source=56832&utm_medium=partner	Ace Davinci	Hip-Hop/Rap	Hip-Hop/Rap	https://s1.ticketm.net/dam/c/80b/f3cd8d24-c3ae-4fa0-b4bc-1ba99f9b380b_106091_TABLET_LANDSCAPE_16_9.jpg
5877649	Pink Avalanche	http://www.songkick.com/artists/5877649-pink-avalanche?utm_source=56832&utm_medium=partner	Pink Avalanche	Rock	Alternative Rock	https://s1.ticketm.net/dam/c/fbc/b293c0ad-c904-4215-bc59-8d7f2414dfbc_106141_TABLET_LANDSCAPE_16_9.jpg
5241953	Zigtebra	http://www.songkick.com/artists/5241953-zigtebra?utm_source=56832&utm_medium=partner	Zigtebra	Rock	Alternative Rock	https://s1.ticketm.net/dam/c/fbc/b293c0ad-c904-4215-bc59-8d7f2414dfbc_106141_TABLET_LANDSCAPE_16_9.jpg
273483	Vesper	http://www.songkick.com/artists/273483-vesper?utm_source=56832&utm_medium=partner	Vesper	Rock	Pop	https://s1.ticketm.net/dam/c/fbc/b293c0ad-c904-4215-bc59-8d7f2414dfbc_106141_TABLET_LANDSCAPE_16_9.jpg
8486033	Izzy True	http://www.songkick.com/artists/8486033-izzy-true?utm_source=56832&utm_medium=partner	Izzy True	Rock	Pop	https://s1.ticketm.net/dam/c/fbc/b293c0ad-c904-4215-bc59-8d7f2414dfbc_106141_TABLET_LANDSCAPE_16_9.jpg
6187439	J Fernandez	http://www.songkick.com/artists/6187439-j-fernandez?utm_source=56832&utm_medium=partner	J Fernandez	Rock	Pop	https://s1.ticketm.net/dam/c/fbc/b293c0ad-c904-4215-bc59-8d7f2414dfbc_106141_TABLET_LANDSCAPE_16_9.jpg
5530488	Aldous Harding	http://www.songkick.com/artists/5530488-aldous-harding?utm_source=56832&utm_medium=partner	Aldous Harding	Folk	Folk	https://s1.ticketm.net/dam/a/245/4ac18876-2bad-4e4b-8faa-768d12b4b245_824051_TABLET_LANDSCAPE_16_9.jpg
4566273	Yamantaka // Sonic Titan	http://www.songkick.com/artists/4566273-yamantaka-sonic-titan?utm_source=56832&utm_medium=partner	Yamantaka // Sonic Titan	Rock	Alternative Rock	https://s1.ticketm.net/dam/c/fbc/b293c0ad-c904-4215-bc59-8d7f2414dfbc_106141_TABLET_LANDSCAPE_16_9.jpg
557370	Acid Mothers Temple & The Melting Paraiso U.F.O.	http://www.songkick.com/artists/557370-acid-mothers-temple-and-the-melting-paraiso-ufo?utm_source=56832&utm_medium=partner	Acid Mothers Temple and the Melting Paraiso U.F.O.	Rock	Alternative Rock	https://s1.ticketm.net/dam/c/fbc/b293c0ad-c904-4215-bc59-8d7f2414dfbc_106141_TABLET_LANDSCAPE_16_9.jpg
7678309	Glyders	http://www.songkick.com/artists/7678309-glyders?utm_source=56832&utm_medium=partner	Glyders	Blues	Blues	https://s1.ticketm.net/dam/c/7be/4e1e9428-29ec-401f-aa45-f1577614b7be_105421_TABLET_LANDSCAPE_16_9.jpg
1613745	Faux Ferocious	http://www.songkick.com/artists/1613745-faux-ferocious?utm_source=56832&utm_medium=partner	Faux Ferocious	Rock	Alternative Rock	https://s1.ticketm.net/dam/c/fbc/b293c0ad-c904-4215-bc59-8d7f2414dfbc_106141_TABLET_LANDSCAPE_16_9.jpg
8799689	Public Memory	http://www.songkick.com/artists/8799689-public-memory?utm_source=56832&utm_medium=partner	Public Memory	Dance/Electronic	Dance/Electronic	https://s1.ticketm.net/dam/c/df8/81eadad8-4449-412e-a2b1-3d8bbb78edf8_106181_TABLET_LANDSCAPE_16_9.jpg
4227996	Odonis Odonis	http://www.songkick.com/artists/4227996-odonis-odonis?utm_source=56832&utm_medium=partner	Odonis Odonis	Rock	Pop	https://s1.ticketm.net/dam/c/fbc/b293c0ad-c904-4215-bc59-8d7f2414dfbc_106141_TABLET_LANDSCAPE_16_9.jpg
9902549	odonis	http://www.songkick.com/artists/9902549-odonis?utm_source=56832&utm_medium=partner	Odonis Odonis	Rock	Pop	https://s1.ticketm.net/dam/c/fbc/b293c0ad-c904-4215-bc59-8d7f2414dfbc_106141_TABLET_LANDSCAPE_16_9.jpg
8799689	Public Memory	http://www.songkick.com/artists/8799689-public-memory?utm_source=56832&utm_medium=partner	Public Memory	Dance/Electronic	Dance/Electronic	https://s1.ticketm.net/dam/c/df8/81eadad8-4449-412e-a2b1-3d8bbb78edf8_106181_TABLET_LANDSCAPE_16_9.jpg
41570	Xeno & Oaklander	http://www.songkick.com/artists/41570-xeno-and-oaklander?utm_source=56832&utm_medium=partner	Xeno & Oaklander	Rock	Alternative Rock	https://s1.ticketm.net/dam/c/fbc/b293c0ad-c904-4215-bc59-8d7f2414dfbc_106141_TABLET_LANDSCAPE_16_9.jpg
4227996	Odonis Odonis	http://www.songkick.com/artists/4227996-odonis-odonis?utm_source=56832&utm_medium=partner	Odonis Odonis	Rock	Pop	https://s1.ticketm.net/dam/c/fbc/b293c0ad-c904-4215-bc59-8d7f2414dfbc_106141_TABLET_LANDSCAPE_16_9.jpg
8806264	Mother Tongues	http://www.songkick.com/artists/8806264-mother-tongues?utm_source=56832&utm_medium=partner	Mother Tongue	Rock	Alternative Rock	https://s1.ticketm.net/dam/c/fbc/b293c0ad-c904-4215-bc59-8d7f2414dfbc_106141_TABLET_LANDSCAPE_16_9.jpg
2775496	Blue Dream	http://www.songkick.com/artists/2775496-blue-dream?utm_source=56832&utm_medium=partner	Blue Dream	Rock	Pop	https://s1.ticketm.net/dam/c/fbc/b293c0ad-c904-4215-bc59-8d7f2414dfbc_106141_TABLET_LANDSCAPE_16_9.jpg
7894444	Big Bite	http://www.songkick.com/artists/7894444-big-bite?utm_source=56832&utm_medium=partner	Big Bite - Band	Other	Other	https://s1.ticketm.net/dam/c/060/c5c08e7a-9912-456c-a060-2758be94e060_105881_TABLET_LANDSCAPE_16_9.jpg
580549	The Coathangers	http://www.songkick.com/artists/580549-coathangers?utm_source=56832&utm_medium=partner	The Coathangers	Rock	Alternative Rock	https://s1.ticketm.net/dam/c/fbc/b293c0ad-c904-4215-bc59-8d7f2414dfbc_106141_TABLET_LANDSCAPE_16_9.jpg
124619	Lilac	http://www.songkick.com/artists/124619-lilac?utm_source=56832&utm_medium=partner	Lilac	Rock	Alternative Rock	https://s1.ticketm.net/dam/c/fbc/b293c0ad-c904-4215-bc59-8d7f2414dfbc_106141_TABLET_LANDSCAPE_16_9.jpg
9635219	Hitter	http://www.songkick.com/artists/9635219-hitter?utm_source=56832&utm_medium=partner	Pinch Hitter	Rock	Alternative Rock	https://s1.ticketm.net/dam/c/fbc/b293c0ad-c904-4215-bc59-8d7f2414dfbc_106141_TABLET_LANDSCAPE_16_9.jpg
595810	Ryan Powers	http://www.songkick.com/artists/595810-ryan-powers?utm_source=56832&utm_medium=partner	Ryan Powers	Rock	Pop	https://s1.ticketm.net/dam/c/fbc/b293c0ad-c904-4215-bc59-8d7f2414dfbc_106141_TABLET_LANDSCAPE_16_9.jpg
6412034	Daniel Wade	http://www.songkick.com/artists/6412034-daniel-wade?utm_source=56832&utm_medium=partner	Daniel Wade	Rock	Pop	https://s1.ticketm.net/dam/c/fbc/b293c0ad-c904-4215-bc59-8d7f2414dfbc_106141_TABLET_LANDSCAPE_16_9.jpg
